Trimed,FirstName,MiddleName,LastName
Sherif ABDALLAH,Sherif,,ABDALLAH
Charles Alexandre ABELLARD,Charles,Alexandre,ABELLARD
Hérard ABRAHAM,Hérard,,ABRAHAM
Yolande ABRAHAM,Yolande,,ABRAHAM
Louis Jean-Jacques ACAAU,Louis,Jean-Jacques,ACAAU
Pierre ACCAU,Pierre,,ACCAU
Michel ACACIA,Michel,,ACACIA
Jean L. ACCIME,Jean,L.,ACCIME
Rose ACCIME,Rose,,ACCIME
Rodny ACHILLE,Rodny,,ACHILLE
Théodore ACHILLE,Théodore,,ACHILLE
Marc-Antoine ACRA,Marc-Antoine,,ACRA
Sébastien Xavier ACRA,Sébastien,Xavier,ACRA
Michel ADAM,Michel,,ADAM
Patrick ADAM,Patrick,,ADAM
Louis Frédéric ADELPHONSE,Louis,Frédéric,ADELPHONSE
Henri-Claude ADÉMA,Henri-Claude,,ADÉMA
Victor ADÉMA,Victor,,ADÉMA
Francillon ADOLPHE,Francillon,,ADOLPHE
Jacques ADOLPHE,Jacques,,ADOLPHE
Max ADOLPHE,Max,,ADOLPHE
Cesar ADONIS,Cesar,,ADONIS
Antoine ADRIEN,Antoine,,ADRIEN
Franck ADRIEN,Franck,,ADRIEN
Ghislaine ADRIEN,Ghislaine,,ADRIEN
Jessy Colimon ADRIEN,Jessy,Colimon,ADRIEN
Lauré ADRIEN,Lauré,,ADRIEN
Pascal ADRIEN,Pascal,,ADRIEN
Despierres ADROUIN,Despierres,,ADROUIN
Joseph AGABUS,Joseph,,AGABUS
Marie Célie AGNANT,Marie,Célie,AGNANT
Brice AINÉ,Brice,,AINÉ
Martin AINÉ,Martin,,AINÉ
Azael ALDAJUSTE,Azael,,ALDAJUSTE
Boniface ALEXANDRE,Boniface,,ALEXANDRE
Emmanuel ALEXANDRE,Emmanuel,,ALEXANDRE
Grégory ALEXANDRE,Grégory,,ALEXANDRE
Kimberly ALEXANDRE,Kimberly,,ALEXANDRE
Walkens ALEXANDRE,Walkens,,ALEXANDRE
Eddy Jackson ALEXIS,Eddy,Jackson,ALEXIS
Georges Vivender ALEXIS,Georges,Vivender,ALEXIS
Guyto ALEXIS,Guyto,,ALEXIS
Jacques Edouard ALEXIS,Jacques,Edouard,ALEXIS
Jacques Stephen ALEXIS,Jacques,Stephen,ALEXIS
Jean Tolbert ALEXIS,Jean,Tolbert,ALEXIS
Nord ALEXIS,Nord,,ALEXIS
Nord Pierre ALEXIS,Nord,Pierre,ALEXIS
Ruben ALEXIS,Ruben,,ALEXIS
Stephen ALEXIS,Stephen,,ALEXIS
Georges ALLEN,Georges,,ALLEN
Ramsès Romeo ALOUN,Ramsès,Romeo,ALOUN
Steeve ALOUN,Steeve,,ALOUN
Jean Élie ALPHONSE,Jean,Élie,ALPHONSE
Kesner ALPHONSE,Kesner,,ALPHONSE
Jean-Marie ALTEMA,Jean-Marie,,ALTEMA
Paul ALTIDOR,Paul,,ALTIDOR
Yves ALTIDOR,Yves,,ALTIDOR
Eddy ALTINÉ,Eddy,,ALTINÉ
Paul Eddy AMAZANT,Paul,Eddy,AMAZANT
Emmanuel AMBROISE,Emmanuel,,AMBROISE
Jean-Jacques Dessalines AMBROISE,Jean-Jacques,Dessalines,AMBROISE
Magloire AMBROISE,Magloire,,AMBROISE
Nadi AMBROISE,Nadi,,AMBROISE
Chantal AMÉDÉE-GÉDÉON,Chantal,,AMÉDÉE-GÉDÉON
Jean Austin AMISIAL,Jean,Austin,AMISIAL
Jean Wesner AMISIAL,Jean,Wesner,AMISIAL
Jean Hector ANACACIS,Jean,Hector,ANACACIS
Reine ANACAONA,Reine,,ANACAONA
Marc ANDAL,Marc,,ANDAL
Mertilus ANDALAS,Mertilus,,ANDALAS
Ulysse ANDALAS,Ulysse,,ANDALAS
Ange Bellie ANDOU,Ange,Bellie,ANDOU
Mario ANDRÉSOL,Mario,,ANDRÉSOL
Félix ANDRIS,Félix,,ANDRIS
Emancel ANESCAR,Emancel,,ANESCAR
Joseph René ANGELUS,Joseph,René,ANGELUS
Dominique ANGLADE,Dominique,,ANGLADE
Georges ANGLADE,Georges,,ANGLADE
Roger ANGLADE,Roger,,ANGLADE
Joubert C. ANGRAND,Joubert,C.,ANGRAND
Leslie ANISETTE,Leslie,,ANISETTE
Robert ANOUS,Robert,,ANOUS
Alfredo ANTOINE,Alfredo,,ANTOINE
Bervin ANTOINE,Bervin,,ANTOINE
Charles ANTOINE,Charles,,ANTOINE
Ira ANTOINE,Ira,,ANTOINE
Jacques ANTOINE,Jacques,,ANTOINE
Jean-Robert ANTOINE,Jean-Robert,,ANTOINE
Max ANTOINE,Max,,ANTOINE
Nola ANTOINE,Nola,,ANTOINE
Yves ANTOINE,Yves,,ANTOINE
Arnold ANTONIN,Arnold,,ANTONIN
Andy APAID,Andy,,APAID
Clifford APAID,Clifford,,APAID
Arsène APOLLON,Arsène,,APOLLON
Médassier APOLLON,Médassier,,APOLLON
Rony APOLLON,Rony,,APOLLON
Judeson ARCAHAIE,Judeson,,ARCAHAIE
Beaubrun ARDOUIN,Beaubrun,,ARDOUIN
Céligny ARDOUIN,Céligny,,ARDOUIN
Coriolan ARDOUIN,Coriolan,,ARDOUIN
Jean-Robert ARGANT,Jean-Robert,,ARGANT
Aristène ARISTIDE,Aristène,,ARISTIDE
Jean Bertrand ARISTILE,Jean,Bertrand,ARISTILE
Jean Romer ARISTILDE,Jean,Romer,ARISTILDE
Benoit ARMAND,Benoit,,ARMAND
Pierre ARMAND,Pierre,,ARMAND
Yamina ARMAND,Yamina,,ARMAND
Fred ARTY,Fred,,ARTY
Joseph Pierre ASHKARD,Joseph,Pierre,ASHKARD
Pierre ASPIL,Pierre,,ASPIL
Gary ASSAD,Gary,,ASSAD
Yolande ATOURISTE,Yolande,,ATOURISTE
Max ATYS,Max,,ATYS
Marie Louise AUBIN,Marie,Louise,AUBIN
Carl AUBOURG,Carl,,AUBOURG
Michel AUBOURG,Michel,,AUBOURG
Roosevelt AUBOURG,Roosevelt,,AUBOURG
Rauselore AUBRY,Rauselore,,AUBRY
Kesner AUBRY,Kesner,,AUBRY
Julio Jean-Pierre AUDAIN,Julio,Jean-Pierre,AUDAIN
Léon AUDAIN,Léon,,AUDAIN
François AUDATE,François,,AUDATE
Harold AUDATE,Harold,,AUDATE
Luc AUDATE,Luc,,AUDATE
Victor AUDATE,Victor,,AUDATE
Louis AUDIN,Louis,,AUDIN
Anne AUGUSTE,Anne,,AUGUSTE
Arsène AUGUSTE,Arsène,,AUGUSTE
Bonel AUGUSTE,Bonel,,AUGUSTE
Euvonie Georges AUGUSTE,Euvonie,Georges,AUGUSTE
Françoise Canez AUGUSTE,Françoise,Canez,AUGUSTE
Jean Miguel AUGUSTE,Jean,Miguel,AUGUSTE
Marc-Arthur AUGUSTE,Marc-Arthur,,AUGUSTE
Maurepas AUGUSTE,Maurepas,,AUGUSTE
René Max AUGUSTE,René,Max,AUGUSTE
Stéphanie AUGUSTE,Stéphanie,,AUGUSTE
Tancrède AUGUSTE,Tancrède,,AUGUSTE
Antoine AUGUSTIN,Antoine,,AUGUSTIN
Benetti AUGUSTIN,Benetti,,AUGUSTIN
Gabriel AUGUSTIN,Gabriel,,AUGUSTIN
Gamal Jules AUGUSTIN,Gamal,Jules,AUGUSTIN
Henry Michel AUGUSTIN,Henry,Michel,AUGUSTIN
Jean Leptune AUGUSTIN,Jean,Leptune,AUGUSTIN
Jonas AUGUSTIN,Jonas,,AUGUSTIN
Kedlair AUGUSTIN,Kedlair,,AUGUSTIN
Marcel AUGUSTIN,Marcel,,AUGUSTIN
Maximilien AUGUSTIN,Maximilien,,AUGUSTIN
Pascal AUGUSTIN,Pascal,,AUGUSTIN
Pressoir AUGUSTIN,Pressoir,,AUGUSTIN
Rémy AUGUSTIN,Rémy,,AUGUSTIN
Ricardo AUGUSTIN,Ricardo,,AUGUSTIN
Tasha Laurenza AUGUSTIN,Tasha,Laurenza,AUGUSTIN
Yves Patrick AUGUSTIN,Yves,Patrick,AUGUSTIN
Couchève AUPONT,Couchève,,AUPONT
Joseph E. AVRIL,Joseph,E.,AVRIL
Prosper AVRIL,Prosper,,AVRIL
Emmanuel AZEMAR,Emmanuel,,AZEMAR
Max BADET,Max,,BADET
Joseph Félix BADIO,Joseph,Félix,BADIO
Joseph BAGUIDY,Joseph,,BAGUIDY
Serge BAGUIDY-GILBERT,Serge,,BAGUIDY-GILBERT
Jean-Pierre BAILLY,Jean-Pierre,,BAILLY
Jean-Claude BAJEUX,Jean-Claude,,BAJEUX
Adeline BAKER,Adeline,,BAKER
Charles Henry BAKER,Charles,Henry,BAKER
Stephen BAKER,Stephen,,BAKER
Jean Volney BALLAMIN,Jean,Volney,BALLAMIN
Liné BALTHAZAR,Liné,,BALTHAZAR
Lionel BANCE,Lionel,,BANCE
Marie-Lourdes BANKS,Marie-Lourdes,,BANKS
Choubert BAPTISTE,Choubert,,BAPTISTE
Jean-Hugues BAPTISTE,Jean-Hugues,,BAPTISTE
Skason BAPTISTE,Skason,,BAPTISTE
Arthur BARBANCOURT,Arthur,,BARBANCOURT
Herbert BARBANCOURT,Herbert,,BARBANCOURT
Jeanne BARBANCOURT,Jeanne,,BARBANCOURT
Anthony BARBIER,Anthony,,BARBIER
Clément BARBOT,Clément,,BARBOT
Harry BARBOT,Harry,,BARBOT
Céty BARBROUIN,Céty,,BARBROUIN
Edith BARELLA,Edith,,BARELLA
Rodolph BARAU,Rodolph,,BARAU
Arthur BARBANCOURT,Arthur,,BARBANCOURT
Rita BARELLA,Rita,,BARELLA
Amélie BARON,Amélie,,BARON
Olivier BARON,Olivier,,BARON
Jean-Claude BARTEL,Jean-Claude,,BARTEL
Charles BARTELUS,Charles,,BARTELUS
Romelus BASOULETTE,Romelus,,BASOULETTE
Annie BASTIEN,Annie,,BASTIEN
Arthur BASTIEN,Arthur,,BASTIEN
Dumarsais BASTIEN,Dumarsais,,BASTIEN
Eddy BASTIEN,Eddy,,BASTIEN
Flavie BASTIEN,Flavie,,BASTIEN
Guy BASTIEN,Guy,,BASTIEN
Hugues BASTIEN,Hugues,,BASTIEN
Jean Berthold BASTIEN,Jean,Berthold,BASTIEN
Jean-Paul BASTIEN,Jean-Paul,,BASTIEN
Joséfils BASTIEN,Joséfils,,BASTIEN
Kelly BASTIEN,Kelly,,BASTIEN
Max BASTIEN,Max,,BASTIEN
Ulrich BASTIEN,Ulrich,,BASTIEN
Gérald BATAILLE,Gérald,,BATAILLE
Laure BATAILLE,Laure,,BATAILLE
Luckson BATEAU,Luckson,,BATEAU
Dufresne BATON,Dufresne,,BATON
Benoit BATRAVILLE,Benoit,,BATRAVILLE
Dominique BATRAVILLE,Dominique,,BATRAVILLE
Robert BAUDUY,Robert,,BAUDUY
Pierre BAYONNE,Pierre,,BAYONNE
Boyer BAZELAIS,Boyer,,BAZELAIS
Laurent BAZELAIS,Laurent,,BAZELAIS
Stella BAZELAIS,Stella,,BAZELAIS
Denise BAZILE,Denise,,BAZILE
Gilbert BAZILE,Gilbert,,BAZILE
Hercule BAZILE,Hercule,,BAZILE
Hervé BAZILE,Hervé,,BAZILE
Immacula BAZILE,Immacula,,BAZILE
Marc Louis BAZIN,Marc,Louis,BAZIN
Théodore BEAUBRUN,Théodore,,BEAUBRUN
Rigaud BEAUGÉ,Rigaud,,BEAUGÉ
Hans Michel BEAUGÉLUS,Hans,Michel,BEAUGÉLUS
Jacqueline BEAUGÉ-ROSIER,Jacqueline,,BEAUGÉ-ROSIER
Gaspard Théodore BEAULIEU,Gaspard,Théodore,BEAULIEU
Robert BEAULIEU,Robert,,BEAULIEU
Serge BEAULIEU,Serge,,BEAULIEU
Théodore BEAULIEU,Théodore,,BEAULIEU
Angenor BEAUMONT,Angenor,,BEAUMONT
Evalière BEAUPLAN,Evalière,,BEAUPLAN
Jacqueline BEAUGÉ-ROSIER,Jacqueline,,BEAUGÉ-ROSIER
Fayette BEAUSÉJOUR,Fayette,,BEAUSÉJOUR
Leslie BEAUSÉJOUR,Leslie,,BEAUSÉJOUR
Edouard BEAUTEMPS,Edouard,,BEAUTEMPS
Jacques BEAUVIL,Jacques,,BEAUVIL
Guy Edouard BEAUVIL,Guy,Edouard,BEAUVIL
Germain BEAUVOIR,Germain,,BEAUVOIR
Franck BEAUVOIR,Franck,,BEAUVOIR
Georges BEAUVOIR,Georges,,BEAUVOIR
John BEAUVOIR,John,,BEAUVOIR
Mario BEAUVOIR,Mario,,BEAUVOIR
Max BEAUVOIR,Max,,BEAUVOIR
Vilfort BEAUVOIR,Vilfort,,BEAUVOIR
Edmonde Supplice BEAUZILE,Edmonde,Supplice,BEAUZILE
Claude BEDFORD,Claude,,BEDFORD
Merlan BELABRE,Merlan,,BELABRE
Charles BÉLAIR,Charles,,BÉLAIR
Suzanne Sanite BÉLAIR,Suzanne,Sanite,BÉLAIR
Jean-Paul BELAMIN,Jean-Paul,,BELAMIN
René BÉLANCE,René,,BÉLANCE
Léopold BÉLANGER,Léopold,,BÉLANGER
Claudy BÉLIARD,Claudy,,BÉLIARD
Rémy BÉLIARD,Rémy,,BÉLIARD
Marie Alice BÉLISAIRE,Marie,Alice,BÉLISAIRE
Arnel BÉLIZAIRE,Arnel,,BÉLIZAIRE
Déjean BÉLIZAIRE,Déjean,,BÉLIZAIRE
Jacquelin BÉLIZAIRE,Jacquelin,,BÉLIZAIRE
Jean Rigaud BÉLIZAIRE,Jean,Rigaud,BÉLIZAIRE
Printemps BÉLIZAIRE,Printemps,,BÉLIZAIRE
Angelo BELL,Angelo,,BELL
Nelson BELL,Nelson,,BELL
Romel BELL,Romel,,BELL
Jean-Louis BELLEGARDE,Jean-Louis,,BELLEGARDE
Louis Dantès BELLEGARDE,Louis,Dantès,BELLEGARDE
Patrick BELLEGARDE,Patrick,,BELLEGARDE
Jean-Max BELLERIVE,Jean-Max,,BELLERIVE
Sténio BELLEVUE,Sténio,,BELLEVUE
Marc BELLOT,Marc,,BELLOT
Joseph BÉNISOIT,Joseph,,BÉNISOIT
Astrel BENJAMIN,Astrel,,BENJAMIN
Danielle BENJAMIN,Danielle,,BENJAMIN
Frantz BENJAMIN,Frantz,,BENJAMIN
Lyonel BENJAMIN,Lyonel,,BENJAMIN
Marc BENJAMIN,Marc,,BENJAMIN
Michael BENJAMIN,Michael,,BENJAMIN
Reynald BENJAMIN,Reynald,,BENJAMIN
Ernest BENNETT,Ernest,,BENNETT
Michèle BENNETT,Michèle,,BENNETT
Jean-Pierre BÉNISOIT,Jean-Pierre,,BÉNISOIT
Charles BENOIT,Charles,,BENOIT
François BENOIT,François,,BENOIT
Gérard BENOIT,Gérard,,BENOIT
Jacques BENOIT,Jacques,,BENOIT
Jacqueline E. BENOIT,Jacqueline,E.,BENOIT
Joelle BENOIT,Joelle,,BENOIT
Joseph BENOIT,Joseph,,BENOIT
Raphael BENOIT,Raphael,,BENOIT
Solime BENOIT,Solime,,BENOIT
Steven BENOIT,Steven,,BENOIT
Victor BENOIT,Victor,,BENOIT
Mélissa BÉRALUS,Mélissa,,BÉRALUS
Bertrand BERGERON,Bertrand,,BERGERON
Carl Frederic BERHMANN,Carl,Frederic,BERHMANN
Fred BERHMANN,Fred,,BERHMANN
Bertrand BERNADIN,Bertrand,,BERNADIN
Damas BERNADIN,Damas,,BERNADIN
Frantz BERNADIN,Frantz,,BERNADIN
Maguet BERNADIN,Maguet,,BERNADIN
Michel BERNADIN,Michel,,BERNADIN
Renaud BERNADIN,Renaud,,BERNADIN
Vascas BERNADIN,Vascas,,BERNADIN
Gay BERNARD,Gay,,BERNARD
Léonce BERNARD,Léonce,,BERNARD
Lucien BERNARD,Lucien,,BERNARD
Regnor C. BERNARD,Regnor,C.,BERNARD
Samuel BERNARD,Samuel,,BERNARD
Chrislande BERROUET,Chrislande,,BERROUET
Marc-André BERROUET,Marc-André,,BERROUET
Robert BERROUET-ORIOL,Robert,,BERROUET-ORIOL
Clorel BERTHOLD,Clorel,,BERTHOLD
Eberle BERTHOLD,Eberle,,BERTHOLD
Renée BERTHOLD,Renée,,BERTHOLD
Renel BERTHOLD,Renel,,BERTHOLD
Claude Alix BERTRAND,Claude,Alix,BERTRAND
Antoine BERVIN,Antoine,,BERVIN
Dorine BESSARD,Dorine,,BESSARD
Rachel BÉVERT,Rachel,,BÉVERT
Maggy Belin BIAIS,Maggy,Belin,BIAIS
Philippe BIAMBY,Philippe,,BIAMBY
Georges BIASSOU,Georges,,BIASSOU
Jean-Baptiste BIEN-AIMÉ,Jean-Baptiste,,BIEN-AIMÉ
Jean Gardy BIEN-AIMÉ,Jean,Gardy,BIEN-AIMÉ
Jean-Robert BIEN-AIMÉ,Jean-Robert,,BIEN-AIMÉ
Gilbert BIGIO,Gilbert,,BIGIO
Fédeline BIGOT,Fédeline,,BIGOT
Joel BIGOT,Joel,,BIGOT
Frantz BIJOU,Frantz,,BIJOU
Josette BIJOU,Josette,,BIJOU
Abder BIROTTE,Abder,,BIROTTE
Anthony BISSAINTHE,Anthony,,BISSAINTHE
Edouard BISSAINTHE,Edouard,,BISSAINTHE
Emmanuel BISSAINTHE,Emmanuel,,BISSAINTHE
Gérard BISSAINTHE,Gérard,,BISSAINTHE
Toto BISSAINTHE,Toto,,BISSAINTHE
Yvon BISSETTE,Yvon,,BISSETTE
Jacques BITAR,Jacques,,BITAR
Kesner BLAIN,Kesner,,BLAIN
Pierre BLAIN,Pierre,,BLAIN
Élie BLAISE,Élie,,BLAISE
Guy BLAISE,Guy,,BLAISE
Léon BLANC,Léon,,BLANC
Roger BLANCHARD,Roger,,BLANCHARD
Yvon BLANCHARD,Yvon,,BLANCHARD
Jules BLANCHET,Jules,,BLANCHET
Jacques BLÉMUR,Jacques,,BLÉMUR
Gérald BLONCOURT,Gérald,,BLONCOURT
Jean-Yves BLOT,Jean-Yves,,BLOT
Rosalvo BOBO,Rosalvo,,BOBO
Edmond BOCCHIT,Edmond,,BOCCHIT
Gary BODEAU,Gary,,BODEAU
Ruthla BOFRANT,Ruthla,,BOFRANT
Jeanie BOGART,Jeanie,,BOGART
Louis François BOISROND,Louis,François,BOISROND
Michel Patrick BOISVERT,Michel,Patrick,BOISVERT
Faubert BOLIVAR,Faubert,,BOLIVAR
Georges Bruno BOLIVAR,Georges,Bruno,BOLIVAR
Max BOLTÉ,Max,,BOLTÉ
Grandizè BONAPARTE,Grandizè,,BONAPARTE
Métrius BONAVENTURE,Métrius,,BONAVENTURE
Jirly BONBON,Jirly,,BONBON
Alexis Michel BONCY,Alexis,Michel,BONCY
Jacques BONCY,Jacques,,BONCY
Marie-Claire Heureuse Félicité BONHEUR,Marie-Claire,Heureuse Félicité,BONHEUR
Colbert BONHOMME,Colbert,,BONHOMME
Marie Lucie BONHOMME,Marie,Lucie,BONHOMME
Yvon BONHOMME,Yvon,,BONHOMME
Charles-Honoré BONNEFOY,Charles-Honoré,,BONNEFOY
Jean-Guy BONNET,Jean-Guy,,BONNET
Serge BONTEMPS,Serge,,BONTEMPS
Maximilien BORGELLA,Maximilien,,BORGELLA
Jean Lucien BORGES,Jean,Lucien,BORGES
José BORGES,José,,BORGES
Michelet BORIS,Michelet,,BORIS
Louis BORNO,Louis,,BORNO
André BOSQUET,André,,BOSQUET
Rosalie BOSQUET,Rosalie,,BOSQUET
Edouard BOSSAN,Edouard,,BOSSAN
Georges BOSSAN,Georges,,BOSSAN
Jean-Robert BOSSÉ,Jean-Robert,,BOSSÉ
Adrien BOUCART,Adrien,,BOUCART
Maryse BOUCART ,Maryse,,BOUCART 
Suzanne BOUCART,Suzanne,,BOUCART
Victor BOUCART ,Victor,,BOUCART 
Rachel BOUCAUD ,Rachel,,BOUCAUD 
Patrick BOUCHARD,Patrick,,BOUCHARD
Carl-Henry BOUCHER,Carl-Henry,,BOUCHER
Hans Albert BOUCHER,Hans,Albert,BOUCHER
Joseph Jean BOUCHEREAU,Joseph,Jean,BOUCHEREAU
Louis Edouard BOUGET,Louis,Edouard,BOUGET
Paulette BOUJOLD-ORIOL,Paulette,,BOUJOLD-ORIOL
Duty BOUKMAN,Duty,,BOUKMAN
Brice BOULOS,Brice,,BOULOS
Frantz BOULOS,Frantz,,BOULOS
Fritz R. BOULOS,Fritz,R.,BOULOS
Henry Rudolph BOULOS,Henry,Rudolph,BOULOS
Marie-Thérèse BOULOS,Marie-Thérèse,,BOULOS
Pierre Réginald BOULOS,Pierre,Réginald,BOULOS
Régine BOULOS,Régine,,BOULOS
Sébastien BOULOS,Sébastien,,BOULOS
Anne-Marie Lerebours BOURAND,Anne-Marie,Lerebours,BOURAND
Chenet BOURDEAU,Chenet,,BOURDEAU
Dumas BOURDEAU,Dumas,,BOURDEAU
Edgard BOURDEAU,Edgard,,BOURDEAU
Fritzner BOURDEAU,Fritzner,,BOURDEAU
Jean-Yves BOURDEAU,Jean-Yves,,BOURDEAU
Louis Chenet BOURDEAU,Louis,Chenet,BOURDEAU
Lionel BOURGOIN,Lionel,,BOURGOIN
Hugues BOURJOLLY,Hugues,,BOURJOLLY
Max BOURJOLLY,Max,,BOURJOLLY
Malherbe BOURSIQUOT,Malherbe,,BOURSIQUOT
Jean BOURSIQUOT,Jean,,BOURSIQUOT
Myrta BOURSIQUOT,Myrta,,BOURSIQUOT
Jean Mary BOUTHILIER,Jean,Mary,BOUTHILIER
Loa BOUTILLER,Loa,,BOUTILLER
Mardochée BOUZY,Mardochée,,BOUZY
James BOYARD,James,,BOYARD
Charles BOYER,Charles,,BOYER
Hervé BOYER,Hervé,,BOYER
Jean-Pierre BOYER,Jean-Pierre,,BOYER
Clifford BRANDT,Clifford,,BRANDT
Grégory BRANDT,Grégory,,BRANDT
Carl BRAUN,Carl,,BRAUN
Toussaint BRAVE,Toussaint,,BRAVE
Toussaint de BREDA,Toussaint,de,BREDA
Claude BRETON,Claude,,BRETON
Georges BRETOUS,Georges,,BRETOUS
Carlo BRÉVIL,Carlo,,BRÉVIL
Auguste Jean BRIERRE,Auguste,Jean,BRIERRE
Jean Fernand BRIERRE,Jean,Fernand,BRIERRE
Jean François BRIERRE,Jean,François,BRIERRE
Evintz BRILLANT,Evintz,,BRILLANT
Richard BRILLANT,Richard,,BRILLANT
Yvon BRISSETTE,Yvon,,BRISSETTE
Eddy BRISSON,Eddy,,BRISSON
René BRISSON,René,,BRISSON
Richard BRISSON,Richard,,BRISSON
Carl BROUARD,Carl,,BROUARD
Amédée BRUN,Amédée,,BRUN
Marjorie Alexandre BRUNACHE,Marjorie,Alexandre,BRUNACHE
Michel BRUNACHE,Michel,,BRUNACHE
Steeve BRUNACHE,Steeve,,BRUNACHE
Yanick BRUNACHE,Yanick,,BRUNACHE
Duly BRUTUS,Duly,,BRUTUS
Edner BRUTUS,Edner,,BRUTUS
Fred BRUTUS,Fred,,BRUTUS
Junon Volny BRUTUS,Junon,Volny,BRUTUS
Patrick BRUTUS,Patrick,,BRUTUS
Thimoléon C. BRUTUS,Thimoléon,C.,BRUTUS
Jean BUISSON,Jean,,BUISSON
Frédéric BURR-RENAUD,Frédéric,,BURR-RENAUD
Jean Hénold BUTEAU,Jean,Hénold,BUTEAU
Joseph BUTEAU,Joseph,,BUTEAU
Lesly BUTEAU,Lesly,,BUTEAU
Louis BUTEAU,Louis,,BUTEAU
Max BUTEAU,Max,,BUTEAU
Pierre BUTEAU,Pierre,,BUTEAU
Gilles BUVAT,Gilles,,BUVAT
Yanick CABARET,Yanick,,CABARET
Raymond CABÈCHE,Raymond,,CABÈCHE
Ronald CADAVRE,Ronald,,CADAVRE
Jacques CADET,Jacques,,CADET
Jean-Claude CADET,Jean-Claude,,CADET
Jean-Marie CADET,Jean-Marie,,CADET
Jean Michel CADET,Jean,Michel,CADET
Pierre Josué Agénor CADET,Pierre,Josué Agénor,CADET
Maurice CADET,Maurice,,CADET
Jeff M. CADICHON,Jeff,M.,CADICHON
Richard CADICHON,Richard,,CADICHON
André CAJUSTE,André,,CAJUSTE
Bresnel CAJUSTE,Bresnel,,CAJUSTE
Frantz CAJUSTE,Frantz,,CAJUSTE
Raymond CAJUSTE,Raymond,,CAJUSTE
Démosthène Pétrus CALIXTE,Démosthène,Pétrus,CALIXTE
Evenson CALIXTE,Evenson,,CALIXTE
Fritzgérald CALIXTE,Fritzgérald,,CALIXTE
Lahens CALIXTE,Lahens,,CALIXTE
Nyl CALIXTE,Nyl,,CALIXTE
Rigaud CALIXTE,Rigaud,,CALIXTE
Réginald CALVERT,Réginald,,CALVERT
Jean Max CALVIN,Jean,Max,CALVIN
Luckner CAMBRONNE,Luckner,,CAMBRONNE
Stuart CAMBRONNE,Stuart,,CAMBRONNE
Jean-Paul CAMBRY,Jean-Paul,,CAMBRY
Bernard CAMEAU,Bernard,,CAMEAU
Jean-Baptiste CAMEAU,Jean-Baptiste,,CAMEAU
Lionel CAMEAU,Lionel,,CAMEAU
Eugène CAMILLE,Eugène,,CAMILLE
Fedorah CAMILLE,Fedorah,,CAMILLE
Pierre-Marie CAMILLE,Pierre-Marie,,CAMILLE
Ronald Cadavre CAMILLE,Ronald,Cadavre,CAMILLE
Roussan CAMILLE,Roussan,,CAMILLE
Gérard CAMPFORT,Gérard,,CAMPFORT
Jules CAMPION,Jules,,CAMPION
Boisrond CANAL,Boisrond,,CANAL
Edwidge PIERRE-CANEL,Edwidge,,PIERRE-CANEL
Valerio CANEZ,Valerio,,CANEZ
Max CANGÉ,Max,,CANGÉ
Anthony CANTAVE,Anthony,,CANTAVE
Carl Murat CANTAVE,Carl,Murat,CANTAVE
Carmen Latortue CANTAVE,Carmen,Latortue,CANTAVE
Darphin CANTAVE,Darphin,,CANTAVE
Dumas CANTAVE,Dumas,,CANTAVE
Immacula CANTAVE,Immacula,,CANTAVE
Jacques CANTAVE,Jacques,,CANTAVE
Jean CANTAVE,Jean,,CANTAVE
Léon CANTAVE,Léon,,CANTAVE
Gelin CAONABO,Gelin,,CAONABO
François CAPOIS,François,,CAPOIS
Leonce CAPOTILLE,Leonce,,CAPOTILLE
Jean-Baptiste CARADEUX,Jean-Baptiste,,CARADEUX
Fritz CARÉMUS,Fritz,,CARÉMUS
Frantz CARLY,Frantz,,CARLY
Bernadette CARRÉ,Bernadette,,CARRÉ
Antoine CARRÉNARD,Antoine,,CARRÉNARD
Philippe CARRÉNARD,Philippe,,CARRÉNARD
Paule CARRIÈRE,Paule,,CARRIÈRE
Yves CASAMAJOR,Yves,,CASAMAJOR
Frantz CASÉUS,Frantz,,CASÉUS
Jean CASIMIR,Jean,,CASIMIR
Jean-Claude CASIMIR,Jean-Claude,,CASIMIR
Jimmy CASIMIR,Jimmy,,CASIMIR
Monel CASIMIR,Monel,,CASIMIR
Pierre-Richard CASIMIR,Pierre-Richard,,CASIMIR
Rose Lumane CASIMIR,Rose,Lumane,CASIMIR
Georges CASSIS,Georges,,CASSIS
Nenel CASSY,Nenel,,CASSY
Georges CASTERA,Georges,,CASTERA
Georges CASTERA,Georges,,CASTERA
Suzy CASTOR,Suzy,,CASTOR
Gérard de CATALOGNE,Gérard,de,CATALOGNE
Henri CATOR,Henri,,CATOR
Silvio CATOR,Silvio,,CATOR
Dominique CAUVIN,Dominique,,CAUVIN
Paul CAUVIN,Paul,,CAUVIN
Alan CAVÉ,Alan,,CAVÉ
Ferry CAVÉ,Ferry,,CAVÉ
Syto CAVÉ,Syto,,CAVÉ
Octave CAYARD,Octave,,CAYARD
Fritz CAYOT,Fritz,,CAYOT
Louis CAZALE,Louis,,CAZALE
Major CAZEAU,Major,,CAZEAU
Harmel CAZEAU,Harmel,,CAZEAU
Jean-Henry CÉANT,Jean-Henry,,CÉANT
Raoul CÉDRAS,Raoul,,CÉDRAS
Rodrigue CÉDRAS,Rodrigue,,CÉDRAS
Claudy CÉLESTIN,Claudy,,CÉLESTIN
Fourel CÉLESTIN,Fourel,,CÉLESTIN
Henry Robert CÉLESTIN,Henry,Robert,CÉLESTIN
Jude CÉLESTIN,Jude,,CÉLESTIN
Rony CÉLESTIN,Rony,,CÉLESTIN
Émile CÉLESTIN-MÉGIE,Émile,,CÉLESTIN-MÉGIE
Rony CÉLICOURT,Rony,,CÉLICOURT
Roberde CÉLINÉ,Roberde,,CÉLINÉ
Luc CÉNATUS,Luc,,CÉNATUS
Michelet CÉSAIRE,Michelet,,CÉSAIRE
Michel CÉSAIRE,Michel,,CÉSAIRE
Eddy CÉSAR,Eddy,,CÉSAR
Esaue CÉSAR,Esaue,,CÉSAR
Yolaine CÉSAR,Yolaine,,CÉSAR
Jacques CÉUS-JOSEPH,Jacques,,CÉUS-JOSEPH
Camille CHALMERS,Camille,,CHALMERS
René CHALMERS,René,,CHALMERS
Elsie CHALUMEAU,Elsie,,CHALUMEAU
Wilphana CHALVIRÉ,Wilphana,,CHALVIRÉ
Yves CHAM,Yves,,CHAM
Alex CHAMBLAIN,Alex,,CHAMBLAIN
Louis Jodel CHAMBLAIN,Louis,Jodel,CHAMBLAIN
Albert CHANCY,Albert,,CHANCY
Georges Loubert CHANCY,Georges,Loubert,CHANCY
Max CHANCY,Max,,CHANCY
Schoelser CHANCY,Schoelser,,CHANCY
Jerry CHANDLER,Jerry,,CHANDLER
Juste CHANLATTE,Juste,,CHANLATTE
Mathieu CHANLATTE,Mathieu,,CHANLATTE
Reynald CHANLATTE,Reynald,,CHANLATTE
Jean-Marie CHANOINE,Jean-Marie,,CHANOINE
Jacques CHARERON,Jacques,,CHARERON
Emmanuel CHARLEMAGNE,Emmanuel,,CHARLEMAGNE
Alix CHARLES,Alix,,CHARLES
Christophe Philippe CHARLES,Christophe,Philippe,CHARLES
Clémard Joseph CHARLES,Clémard,Joseph,CHARLES
Diego CHARLES,Diego,,CHARLES
Djacaman CHARLES,Djacaman,,CHARLES
Gary Pierre Paul CHARLES,Gary,Pierre Paul,CHARLES
Gervais CHARLES,Gervais,,CHARLES
Jean-Claude CHARLES,Jean-Claude,,CHARLES
Jean-Robert CHARLES,Jean-Robert,,CHARLES
Joseph D. CHARLES,Joseph,D.,CHARLES
Léon CHARLES,Léon,,CHARLES
Métellus CHARLES,Métellus,,CHARLES
Patrick CHARLES,Patrick,,CHARLES
Saint-Louis CHARLES,Saint-Louis,,CHARLES
Cédric CHARLES-PIERRE,Cédric,,CHARLES-PIERRE
Franck CHARLES-PIERRE,Franck,,CHARLES-PIERRE
Frantz CHARLES-PIERRE,Frantz,,CHARLES-PIERRE
Lyn CHARLES-PIERRE,Lyn,,CHARLES-PIERRE
Mercier CHARLES-PIERRE,Mercier,,CHARLES-PIERRE
Yolaine CHARLES-PIERRE,Yolaine,,CHARLES-PIERRE
André CHARLIER,André,,CHARLIER
Etienne CHARLIER,Etienne,,CHARLIER
Jacques CHARLIER,Jacques,,CHARLIER
Raymond CHASSAGNE,Raymond,,CHASSAGNE
Roland CHASSAGNE,Roland,,CHASSAGNE
Henri CHAUVET,Henri,,CHAUVET
Lucien CHAUVET,Lucien,,CHAUVET
Max CHAUVET,Max,,CHAUVET
Edith CHAVANNES,Edith,,CHAVANNES
Roland CHAVANNES,Roland,,CHAVANNES
Anaise CHAVENET,Anaise,,CHAVENET
Roger de CHAVIGNY,Roger,de,CHAVIGNY
Yves CHEMLA,Yves,,CHEMLA
Antonio CHÉRAMI,Antonio,,CHÉRAMI
Jean-Marie CHÉRESTAL,Jean-Marie,,CHÉRESTAL
Katia CHERFILS,Katia,,CHERFILS
Sheila CHERFILUS,Sheila,,CHERFILUS
Marthe CHÉRICHEL,Marthe,,CHÉRICHEL
Jimmy CHÉRISIER,Jimmy,,CHÉRISIER
Jean E. CHÉRIZARD,Jean,E.,CHÉRIZARD
Gesner CHÉRUBIN,Gesner,,CHÉRUBIN
Lyonel CHÉRUBIN,Lyonel,,CHÉRUBIN
Marcel CHÉRUBIN,Marcel,,CHÉRUBIN
Marie C. CHÉRUBIN,Marie,C.,CHÉRUBIN
Vladimir CHÉRUBIN,Vladimir,,CHÉRUBIN
Blair CHÉRY,Blair,,CHÉRY
Christla CHÉRY,Christla,,CHÉRY
Frantz CHÉRY,Frantz,,CHÉRY
Hervé CHÉRY,Hervé,,CHÉRY
Serge CHÉRY,Serge,,CHÉRY
Yvon CHÉRY,Yvon,,CHÉRY
Ersuna CHEVALIER,Ersuna,,CHEVALIER
Patrick CHEVRIN,Patrick,,CHEVRIN
Youri Ralph CHÉVRY,Youri,Ralph,CHÉVRY
Geffrard CHOUTE,Geffrard,,CHOUTE
Henri CHRISTOPHE,Henri,,CHRISTOPHE
Marie-Louise CHRISTOPHE,Marie-Louise,,CHRISTOPHE
Victor CHRISTOPHE,Victor,,CHRISTOPHE
Joseph CIANCIULLI,Joseph,,CIANCIULLI
Franck CINÉ,Franck,,CINÉ
Jean-Baptiste CINÉAS,Jean-Baptiste,,CINÉAS
Dieuseul CIVIL,Dieuseul,,CIVIL
Jean CIVIL,Jean,,CIVIL
Jean Laguel CIVIL,Jean,Laguel,CIVIL
Marc-Félix CIVIL,Marc-Félix,,CIVIL
René CIVIL,René,,CIVIL
Lumane CLAMÉUS,Lumane,,CLAMÉUS
Breton CLAUDE,Breton,,CLAUDE
Marie Denise CLAUDE,Marie,Denise,CLAUDE
Silvio CLAUDE,Silvio,,CLAUDE
Alix CLÉMENT,Alix,,CLÉMENT
Alain CLÉRIÉ,Alain,,CLÉRIÉ
Guy CLÉRIÉ,Guy,,CLÉRIÉ
Marguerite CLÉRIÉ,Marguerite,,CLÉRIÉ
Michel CLÉRIÉ,Michel,,CLÉRIÉ
Henri CLERMONT,Henri,,CLERMONT
Marc CLERMONT,Marc,,CLERMONT
Serge CLERMONT,Serge,,CLERMONT
Jocelyne CLERSAINT,Jocelyne,,CLERSAINT
Augustin CLERVAUX,Augustin,,CLERVAUX
Pierre CLITANDRE,Pierre,,CLITANDRE
Hannibal COFI,Hannibal,,COFI
Jonas COFI,Jonas,,COFI
Dupiton COICOU,Dupiton,,COICOU
Masillon COICOU,Masillon,,COICOU
Fabienne COLAS,Fabienne,,COLAS
Jean William COLAS,Jean,William,COLAS
Marc COLAS,Marc,,COLAS
Paul Antoine COLAS,Paul,Antoine,COLAS
Roger COLAS,Roger,,COLAS
Kahlila COLE-NELSON,Kahlila,,COLE-NELSON
Richard COLES,Richard,,COLES
Anne-Marie COLIMON-FÉQUIÈRE,Anne-Marie,,COLIMON-FÉQUIÈRE
Marie-Thérèse COLIMON,Marie-Thérèse,,COLIMON
Jean Bernard COLIN,Jean,Bernard,COLIN
Jean Michel COLIN,Jean,Michel,COLIN
Jean Rony COLIN,Jean,Rony,COLIN
Magalie COMEAU,Magalie,,COMEAU
Alix COMPAS,Alix,,COMPAS
Daniel COMPÈRE,Daniel,,COMPÈRE
Amerlin CONDÉ,Amerlin,,CONDÉ
Antoine CONDÉ,Antoine,,CONDÉ
Georges CONDÉ,Georges,,CONDÉ
Jean CONDÉ,Jean,,CONDÉ
Ralph CONDÉ,Ralph,,CONDÉ
Seymour CONDÉ,Seymour,,CONDÉ
Champagne CONSTANT,Champagne,,CONSTANT
Emmanuel CONSTANT,Emmanuel,,CONSTANT
Gérard CONSTANT,Gérard,,CONSTANT
Hubert CONSTANT,Hubert,,CONSTANT
Jean André CONSTANT,Jean,André,CONSTANT
Jean Robert CONSTANT,Jean,Robert,CONSTANT
Joelle CONSTANT,Joelle,,CONSTANT
Marcien CONSTANT,Marcien,,CONSTANT
Victor Nevers CONSTANT,Victor,Nevers,CONSTANT
Michel CONTE,Michel,,CONTE
Jean-Baptiste CONZÉ,Jean-Baptiste,,CONZÉ
Ramon COPTI,Ramon,,COPTI
Edwin COQ,Edwin,,COQ
Wendelle COQ-THÉLOT,Wendelle,,COQ-THÉLOT
Edner COQUILLOT,Edner,,COQUILLOT
Antoine CORMIER,Antoine,,CORMIER
Hugues CORMIER,Hugues,,CORMIER
Nancy CORMIER,Nancy,,CORMIER
Kelly Rodney CORNET,Kelly,Rodney,CORNET
William CORVINGTON,William,,CORVINGTON
Georges CORVINGTON,Georges,,CORVINGTON
Reynaldo CORVINGTON,Reynaldo,,CORVINGTON
Jean Marry COTUBANAMA,Jean,Marry,COTUBANAMA
Amos COULANGES,Amos,,COULANGES
Joseph COUPET,Joseph,,COUPET
Félix COURTOIS,Félix,,COURTOIS
Frantz COURTOIS,Frantz,,COURTOIS
Reynald COURTOIS,Reynald,,COURTOIS
Coutilien COUTARD,Coutilien,,COUTARD
Steeve COWLY,Steeve,,COWLY
Bernard CRAAN,Bernard,,CRAAN
Claudy CRAAN,Claudy,,CRAAN
Jean-Claude CRAAN,Jean-Claude,,CRAAN
André CRISPIN,André,,CRISPIN
Patrick CRISPIN,Patrick,,CRISPIN
Henry CHRISTOPHE,Henry,,CHRISTOPHE
Marie-Louise CHRISTOPHE,Marie-Louise,,CHRISTOPHE
Victor CHRISTOPHE,Victor,,CHRISTOPHE
Cécile Fatima CROIX-DAVID,Cécile,Fatima,CROIX-DAVID
Marie-Louise CROIX-DAVID,Marie-Louise,,CROIX-DAVID
Réginald Oswald CROSLEY,Réginald,Oswald,CROSLEY
Roumain DABRÉSIL,Roumain,,DABRÉSIL
Yvickel Dieujuste DABRÉSIL,Yvickel,Dieujuste,DABRÉSIL
Raoul DAGUILH,Raoul,,DAGUILH
Louis-Philippe DALEMBERT,Louis-Philippe,,DALEMBERT
Evelyne DALENCOURT,Evelyne,,DALENCOURT
Patrice DALENCOURT,Patrice,,DALENCOURT
Michel D’ALEXIS,Michel,,D’ALEXIS
Major Gérard DALVIUS,Major,Gérard,DALVIUS
Alexandre DAMAS,Alexandre,,DAMAS
Bernadin DAMAS,Bernadin,,DAMAS
Pierre-André DAMAS,Pierre-André,,DAMAS
Claude DAMBREVILLE,Claude,,DAMBREVILLE
Jean D’AMÉRIQUE,Jean,,D’AMÉRIQUE
Jean Bernard DAMIER,Jean,Bernard,DAMIER
Alix DAMOUR,Alix,,DAMOUR
Jean Jonel DAMUS,Jean,Jonel,DAMUS
Ernest B. DANACHE,Ernest,B.,DANACHE
Marvel DANDIN,Marvel,,DANDIN
Matyas DANDOR,Matyas,,DANDOR
Evens DANIEL,Evens,,DANIEL
Gérard DANIEL,Gérard,,DANIEL
Philacien DANIEL,Philacien,,DANIEL
Edwige DANTICAT,Edwige,,DANTICAT
Henri F. DANTON,Henri,F.,DANTON
Morose DANTON,Morose,,DANTON
Eugénie DAQUIN,Eugénie,,DAQUIN
Henry DAQUIN,Henry,,DAQUIN
Eugène DARBOUZE,Eugène,,DARBOUZE
Laurent DARBOUZE,Laurent,,DARBOUZE
Malbranche DARBUCO,Malbranche,,DARBUCO
Christophe DARDOMPRÉ,Christophe,,DARDOMPRÉ
Serge DARDOMPRÉ,Serge,,DARDOMPRÉ
Raymond DARLANDE,Raymond,,DARLANDE
Latigue DARTIGUENAVE,Latigue,,DARTIGUENAVE
Sudre DARTIGUENAVE,Sudre,,DARTIGUENAVE
Jean-Michel DAUDIER,Jean-Michel,,DAUDIER
Joseph DAUDIER,Joseph,,DAUDIER
Gérard DAUMEC,Gérard,,DAUMEC
Lucien DAUMEC,Lucien,,DAUMEC
Claude DAUPHIN,Claude,,DAUPHIN
Lesly DAUPHIN,Lesly,,DAUPHIN
Louis DAUPHIN,Louis,,DAUPHIN
Marcel DAUPHIN,Marcel,,DAUPHIN
Patrice DAUPHIN,Patrice,,DAUPHIN
Rosena DAVERTIGE,Rosena,,DAVERTIGE
Charles DAVID,Charles,,DAVID
Jean DAVID,Jean,,DAVID
Jonathan DAVID,Jonathan,,DAVID
Oxygène DAVID,Oxygène,,DAVID
Placide DAVID,Placide,,DAVID
Jean-Paul DAVIUS,Jean-Paul,,DAVIUS
Edner Coquillo DAY,Edner,Coquillo,DAY
Louis Gonzague Edner DAY,Louis,Gonzague Edner,DAY
Jean-Philippe DEAU,Jean-Philippe,,DEAU
Major DEAU,Major,,DEAU
Richard DÉCA,Richard,,DÉCA
Rutheforde DÉCADE,Rutheforde,,DÉCADE
Wilson DÉCEMBRE,Wilson,,DÉCEMBRE
Renès DÉCIÈRE,Renès,,DÉCIÈRE
Jean DECIUS,Jean,,DECIUS
Joel DEEB,Joel,,DEEB
Reynold DEEB,Reynold,,DEEB
Guy DÉJEAN,Guy,,DÉJEAN
Paul DÉJEAN,Paul,,DÉJEAN
Claire Louise Sylvestre DÉJOIE,Claire,Louise Sylvestre,DÉJOIE
Justin DÉJOIE,Justin,,DÉJOIE
Louis DÉJOIE,Louis,,DÉJOIE
Harry DELAQUIS,Harry,,DELAQUIS
Margaret Fabius DELAQUIS,Margaret,Fabius,DELAQUIS
Élizabeth DELATOUR,Élizabeth,,DELATOUR
Guillaume DELATOUR,Guillaume,,DELATOUR
Leslie DELATOUR,Leslie,,DELATOUR
Hidalgo DELBEAU,Hidalgo,,DELBEAU
Marc DÉLICE,Marc,,DÉLICE
Lucmane DELILLE,Lucmane,,DELILLE
Kern DÉLINCE,Kern,,DÉLINCE
Jean Mau DÉLISMA,Jean,Mau,DÉLISMA
René DELMAS,René,,DELMAS
Jean Demesvar DELORME,Jean,Demesvar,DELORME
Turneb DELPÉ,Turneb,,DELPÉ
Claude DELPHIN,Claude,,DELPHIN
Jacques DELPHIN,Jacques,,DELPHIN
Alexandre DELVA,Alexandre,,DELVA
Georges DELVA,Georges,,DELVA
Gérard DELVA,Gérard,,DELVA
Gracia DELVA,Gracia,,DELVA
Guiler C. DELVA,Guiler,C.,DELVA
Israel DELVA,Israel,,DELVA
Jean Joseph DELVA,Jean,Joseph,DELVA
John Wesley DELVA,John,Wesley,DELVA
Réginald DELVA,Réginald,,DELVA
Zacharie DELVA,Zacharie,,DELVA
Carole DEMESMIN,Carole,,DEMESMIN
Auguste D’MEZAR,Auguste,,D’MEZAR
Ronald Gérard D’MEZAR,Ronald,Gérard,D’MEZAR
Alex DEMOSTHÈNE,Alex,,DEMOSTHÈNE
Edouard DENIS,Edouard,,DENIS
Gesner DENIS,Gesner,,DENIS
Hervé DENIS,Hervé,,DENIS
Jacques DENIS,Jacques,,DENIS
Jean DENIS,Jean,,DENIS
Jean Joseph Lorimer DENIS,Jean,Joseph Lorimer,DENIS
Jean Willer DENIS,Jean,Willer,DENIS
Louis DENIS,Louis,,DENIS
Paul DENIS,Paul,,DENIS
Watson DENIS,Watson,,DENIS
Magalie DENIS-COMEAU,Magalie,,DENIS-COMEAU
Villard DENIS,Villard,,DENIS
Pierre DENIZÉ,Pierre,,DENIZÉ
René DEPESTRE,René,,DEPESTRE
Lamour DÉRANCE,Lamour,,DÉRANCE
Youri DÉRIVAL,Youri,,DÉRIVAL
Rossini DERONETTE,Rossini,,DERONETTE
Ansy DÉROSE,Ansy,,DÉROSE
Yole L. DÉROSE,Yole,L.,DÉROSE
Junior DÉSARMES,Junior,,DÉSARMES
Lyonel DÉSARMES,Lyonel,,DÉSARMES
Henri DESCHAMPS,Henri,,DESCHAMPS
Marguerite DESCHAMPS,Marguerite,,DESCHAMPS
Abel DESCOLLINES,Abel,,DESCOLLINES
Manès DESCOLLINES,Manès,,DESCOLLINES
Afèt DESDUNES,Afèt,,DESDUNES
Jean-Marie DESDUNES,Jean-Marie,,DESDUNES
René I. DESGRANGES,René,I.,DESGRANGES
Cléante Valcin DESGRAFFES,Cléante,Valcin,DESGRAFFES
Claude DESGROTTES,Claude,,DESGROTTES
Marco DESGROTTES,Marco,,DESGROTTES
Michel DESGROTTES,Michel,,DESGROTTES
Murielle L. F. DESGROTTES,Murielle,L. F.,DESGROTTES
Fritz DESHOMMES,Fritz,,DESHOMMES
Carlo DÉSINOR,Carlo,,DÉSINOR
Clovis DÉSINOR,Clovis,,DÉSINOR
Elton Harold DÉSINOR,Elton,Harold,DÉSINOR
Jean Lévesque DÉSINOR,Jean,Lévesque,DÉSINOR
Ludovic DÉSINOR,Ludovic,,DÉSINOR
Marceau DÉSINOR,Marceau,,DÉSINOR
Gary DÉSIR,Gary,,DÉSIR
Phénil Gordon DÉSIR,Phénil,Gordon,DÉSIR
Joel DÉSIR,Joel,,DÉSIR
Luc DÉSIR,Luc,,DÉSIR
Lucia DÉSIR,Lucia,,DÉSIR
Luckner DÉSIR,Luckner,,DÉSIR
Ovide DÉSIR,Ovide,,DÉSIR
Vladimir DÉSIR,Vladimir,,DÉSIR
Carl-Henry DESMANGLES,Carl-Henry,,DESMANGLES
Philippe DESMANGLES,Philippe,,DESMANGLES
Michaelle DESMARD,Michaelle,,DESMARD
Charles DESMARATTES,Charles,,DESMARATTES
Élie DESMARATTES,Élie,,DESMARATTES
Lyonel DESMARATTES,Lyonel,,DESMARATTES
Hugues DESPEIGNES,Hugues,,DESPEIGNES
Jean DESQUIRON,Jean,,DESQUIRON
Manuel DESQUIRON,Manuel,,DESQUIRON
Caleb DESRAMEAUX,Caleb,,DESRAMEAUX
Dieuseul Simon DESRAS,Dieuseul,Simon,DESRAS
Anderson DESROCHES,Anderson,,DESROCHES
Jenner DESROCHES,Jenner,,DESROCHES
Rosny DESROCHES,Rosny,,DESROCHES
Daniel DESRONVIL,Daniel,,DESRONVIL
Frantz DESRONVIL,Frantz,,DESRONVIL
Andral DESROSIERS,Andral,,DESROSIERS
Gary DESROSIERS,Gary,,DESROSIERS
Joel DESROSIERS,Joel,,DESROSIERS
Annie DESROY,Annie,,DESROY
Eddlyn DESRUISSEAU,Eddlyn,,DESRUISSEAU
Pierre Claude DESRUISSEAUX,Pierre,Claude,DESRUISSEAUX
Célimène DESSALINES,Célimène,,DESSALINES
Claire-Heureuse DESSALINES,Claire-Heureuse,,DESSALINES
Jean-Jacques DESSALINES,Jean-Jacques,,DESSALINES
Jean-Jacques César DESSALINES,Jean-Jacques,César,DESSALINES
Carl Henry DESTIN,Carl,Henry,DESTIN
Lemarec DESTIN,Lemarec,,DESTIN
Marie Laurette DESTIN,Marie,Laurette,DESTIN
Jude DESTINÉ,Jude,,DESTINÉ
Renel DESTINÉ,Renel,,DESTINÉ
Dantès DESTOUCHES,Dantès,,DESTOUCHES
Alix DÉSULMÉ,Alix,,DÉSULMÉ
Thomas DÉSULMÉ,Thomas,,DÉSULMÉ
Frédéric DESVARIEUX,Frédéric,,DESVARIEUX
Jean S. DEVALLON,Jean,S.,DEVALLON
Johanne DÉVILIEN,Johanne,,DÉVILIEN
Gérard D’HAITI,Gérard,,D’HAITI
Samuel D’HAITI,Samuel,,D’HAITI
Louis DIAQUOI,Louis,,DIAQUOI
Carl DIEUDONNÉ,Carl,,DIEUDONNÉ
Léon DIMANCHE,Léon,,DIMANCHE
Robert DIMANCHE,Robert,,DIMANCHE
Michelet DIVERS,Michelet,,DIVERS
Philippe DODARD,Philippe,,DODARD
Jacquelin DOLCÉ,Jacquelin,,DOLCÉ
Sorel DOMINGUE,Sorel,,DOMINGUE
François DOMINIQUE,François,,DOMINIQUE
François Lemercier DOMINIQUE,François,Lemercier,DOMINIQUE
Jean Junior DOMINIQUE,Jean,Junior,DOMINIQUE
Jean Léopold DOMINIQUE,Jean,Léopold,DOMINIQUE
Max DOMINIQUE,Max,,DOMINIQUE
Max DOMINIQUE,Max,,DOMINIQUE
Philippe DOMINIQUE,Philippe,,DOMINIQUE
Marie Flore DOMOND,Marie,Flore,DOMOND
Bertho DORCÉ,Bertho,,DORCÉ
Mylène DORCÉ,Mylène,,DORCÉ
Yanick DORCÉ,Yanick,,DORCÉ
Gérard DORCELY,Gérard,,DORCELY
Jean Rebel DORCENA,Jean,Rebel,DORCENA
Guichard DORÉ,Guichard,,DORÉ
Erlich DORELAS,Erlich,,DORELAS
Jean Claude DORENENCOURT,Jean,Claude,DORENENCOURT
Patrice Michel DORENENCOURT,Patrice,Michel,DORENENCOURT
Max DORENVILLE,Max,,DORENVILLE
Esther DORESTAL,Esther,,DORESTAL
Yves DORESTAL,Yves,,DORESTAL
Bouquet S. DORFEUILLE,Bouquet,S.,DORFEUILLE
Jean-Louis DORFEUILLE,Jean-Louis,,DORFEUILLE
Bertrand D’ORGERON,Bertrand,,D’ORGERON
Frantz DORISCA,Frantz,,DORISCA
Joel Jacques DORIVAL,Joel,Jacques,DORIVAL
Youri Valéry DORIVAL,Youri,Valéry,DORIVAL
Henry Marge DORLÉANS,Henry,Marge,DORLÉANS
Jean-Robert DORLETTE,Jean-Robert,,DORLETTE
Marguerite DORLUS,Marguerite,,DORLUS
Jean Chrysostome DORSAINVIL,Jean,Chrysostome,DORSAINVIL
Max DORSINVILLE,Max,,DORSINVILLE
Roger DORSINVILLE,Roger,,DORSINVILLE
Gérald DORVAL,Gérald,,DORVAL
Monferrier DORVAL,Monferrier,,DORVAL
Alain DORVIL,Alain,,DORVIL
Jacson DORVIL,Jacson,,DORVIL
Naoum DORVIL,Naoum,,DORVIL
Ronald DORVIL,Ronald,,DORVIL
Octélus DORVILIEN,Octélus,,DORVILIEN
Jean-Fritz DORVILLIER,Jean-Fritz,,DORVILLIER
Antonio DOUBLETTE,Antonio,,DOUBLETTE
Isnard DOUBY,Isnard,,DOUBY
Audalbert DOUCET,Audalbert,,DOUCET
Gérard DOUGÉ,Gérard,,DOUGÉ
Adrien DOUYON,Adrien,,DOUYON
Emmanuella DOUYON,Emmanuella,,DOUYON
Emerson DOUYON,Emerson,,DOUYON
Lelien DOUYON,Lelien,,DOUYON
Calixte DOUZE,Calixte,,DOUZE
Gilbert DRAGON,Gilbert,,DRAGON
Stephen DRAGON,Stephen,,DRAGON
Jean-Claude DROUILLARD,Jean-Claude,,DROUILLARD
Marc-Arthur DROUILLARD,Marc-Arthur,,DROUILLARD
Émile DROUIN,Émile,,DROUIN
Philippe DROUIN,Philippe,,DROUIN
Élie DUBOIS,Élie,,DUBOIS
Jean Barden DUBOIS,Jean,Barden,DUBOIS
Philippe DUCANGE,Philippe,,DUCANGE
Sylvain DUCANGE,Sylvain,,DUCANGE
Jean-Robert DUCÉNA,Jean-Robert,,DUCÉNA
Eddy DUCHATELIER,Eddy,,DUCHATELIER
Rose-Kerlande DUCHITY,Rose-Kerlande,,DUCHITY
Marie-Antoinette DUCLAIR,Marie-Antoinette,,DUCLAIR
Ronald DUFRESNE,Ronald,,DUFRESNE
Ulrich DUFRESNE,Ulrich,,DUFRESNE
Jean Amorce DUGÉ,Jean,Amorce,DUGÉ
Alexandre DUMAS,Alexandre,,DUMAS
Alexandre DUMAS,Alexandre,,DUMAS
Élizabeth DUMAS,Élizabeth,,DUMAS
Laurent DUMAS,Laurent,,DUMAS
Marie Sésette DUMAS,Marie,Sésette,DUMAS
Patrick DUMAS,Patrick,,DUMAS
Pierre-André DUMAS,Pierre-André,,DUMAS
Pierre-Raymond DUMAS,Pierre-Raymond,,DUMAS
Thomas Alexandre DUMAS,Thomas,Alexandre,DUMAS
Joseph DUMAY,Joseph,,DUMAY
Hérard DUMESLE,Hérard,,DUMESLE
Anthony DUMONT,Anthony,,DUMONT
Patrice DUMONT,Patrice,,DUMONT
Alex DUMORNAY,Alex,,DUMORNAY
Melchie DUMORNAY,Melchie,,DUMORNAY
Délandes DUPERVAL,Délandes,,DUPERVAL
Florence DUPERVAL,Florence,,DUPERVAL
Georges DUPERVAL,Georges,,DUPERVAL
Jean-Claude DUPERVAL,Jean-Claude,,DUPERVAL
Robert DUPERVAL,Robert,,DUPERVAL
Gérard DUPERVIL,Gérard,,DUPERVIL
Joseph Richard DUPLAN,Joseph,Richard,DUPLAN
Smith DUPLESSIS,Smith,,DUPLESSIS
Antoine DUPRÉ,Antoine,,DUPRÉ
Charles DUPUY,Charles,,DUPUY
Alexis DUPUY,Alexis,,DUPUY
René DUPUY,René,,DUPUY
Oswald DURAND,Oswald,,DURAND
Emmanuel DURANDIS,Emmanuel,,DURANDIS
Patrick DURANDIS,Patrick,,DURANDIS
Maguy DURCÉ,Maguy,,DURCÉ
Durin DURET,Durin,,DURET
Patrick DUROC,Patrick,,DUROC
Mireille DUROCHER-BERTIN,Mireille,,DUROCHER-BERTIN
Johnson DUROGÈNE,Johnson,,DUROGÈNE
Ermite DUROSEAU,Ermite,,DUROSEAU
Gabriel DUROSEAU,Gabriel,,DUROSEAU
Jacques Yves Sébastien DUROSEAU,Jacques,Yves Sébastien,DUROSEAU
Marie DUROSEAU,Marie,,DUROSEAU
Richard DUROSEAU,Richard,,DUROSEAU
Kenny DUTREUIL,Kenny,,DUTREUIL
Marie R. DUTREUIL,Marie,R.,DUTREUIL
Frantz DUVAL,Frantz,,DUVAL
Denise DUVALIER,Denise,,DUVALIER
Duval DUVALIER,Duval,,DUVALIER
Florestal DUVALIER,Florestal,,DUVALIER
François DUVALIER,François,,DUVALIER
Jean-Claude DUVALIER,Jean-Claude,,DUVALIER
Louis DUVALIER,Louis,,DUVALIER
Nicolas DUVALIER,Nicolas,,DUVALIER
Nicole DUVALIER,Nicole,,DUVALIER
Simone Ovide DUVALIER,Simone,Ovide,DUVALIER
Harry DUVALSAINT,Harry,,DUVALSAINT
Auguste DUVERGER,Auguste,,DUVERGER
Harvel DUVERSEAU,Harvel,,DUVERSEAU
Joseph G. DUVERT,Joseph,G.,DUVERT
Frédéric DUVIGNAUD,Frédéric,,DUVIGNAUD
Roody EDMÉ,Roody,,EDMÉ
Camille EDOUARD,Camille,,EDOUARD
Guyteau EDOUARD,Guyteau,,EDOUARD
Jean Villarson EDOUARD,Jean,Villarson,EDOUARD
Yves EDOUARD,Yves,,EDOUARD
Abias ÉDUMÉ,Abias,,ÉDUMÉ
Ikenson ÉDUMÉ,Ikenson,,ÉDUMÉ
Frantz ELBE,Frantz,,ELBE
Jude Jacques ÉLIBERT,Jude,Jacques,ÉLIBERT
Georges ÉLIE,Georges,,ÉLIE
Louis-Émile ÉLIE,Louis-Émile,,ÉLIE
Robert ÉLIE,Robert,,ÉLIE
Robert ÉLIE,Robert,,ÉLIE
Etzer ÉMILE,Etzer,,ÉMILE
Victor ÉMILE,Victor,,ÉMILE
Evens EMMANUEL,Evens,,EMMANUEL
Victor EMMANUEL,Victor,,EMMANUEL
Wesner EMMANUEL,Wesner,,EMMANUEL
Yves EMMANUEL,Yves,,EMMANUEL
Marion ENNERY,Marion,,ENNERY
Maurice ERALIEN,Maurice,,ERALIEN
Maurice ERASSAINT,Maurice,,ERASSAINT
Étienne ESPÉRANCE,Étienne,,ESPÉRANCE
Pierre ESPÉRANCE,Pierre,,ESPÉRANCE
Adeline ESTÉGÈNE,Adeline,,ESTÉGÈNE
Lionel ESTERLIN,Lionel,,ESTERLIN
Fernando ESTIMÉ,Fernando,,ESTIMÉ
Jean Jumeau ESTIMÉ,Jean,Jumeau,ESTIMÉ
Léon Dumarsais ESTIMÉ,Léon,Dumarsais,ESTIMÉ
Rameau ESTIMÉ,Rameau,,ESTIMÉ
Jean Robert ESTIMÉ,Jean,Robert,ESTIMÉ
Jennifer ESTINVIL,Jennifer,,ESTINVIL
Luc ESTIVERNE,Luc,,ESTIVERNE
Elsie ETHÉARD,Elsie,,ETHÉARD
Antoine ÉTIENNE,Antoine,,ÉTIENNE
Chavannes ÉTIENNE,Chavannes,,ÉTIENNE
Dimitri ÉTIENNE,Dimitri,,ÉTIENNE
Eddy V. ÉTIENNE,Eddy,V.,ÉTIENNE
Franck ÉTIENNE,Franck,,ÉTIENNE
Gérard Vergniaud ÉTIENNE,Gérard,Vergniaud,ÉTIENNE
Guy Philippe ÉTIENNE,Guy,Philippe,ÉTIENNE
Jacques ÉTIENNE,Jacques,,ÉTIENNE
Luma Dieudonné ÉTIENNE,Luma,Dieudonné,ÉTIENNE
Marcel Antoine ÉTIENNE,Marcel,Antoine,ÉTIENNE
Marino ÉTIENNE,Marino,,ÉTIENNE
Paulette ÉTIENNE,Paulette,,ÉTIENNE
Sauveur Pierre ÉTIENNE,Sauveur,Pierre,ÉTIENNE
Winter ÉTIENNE,Winter,,ÉTIENNE
Grégoire EUGÈNE,Grégoire,,EUGÈNE
Grégoire EUGÈNE,Grégoire,,EUGÈNE
Mathieu EUGÈNE,Mathieu,,EUGÈNE
Daniel EUSTACHE,Daniel,,EUSTACHE
Esther EUSTACHE,Esther,,EUSTACHE
Jean-Vilfort EUSTACHE,Jean-Vilfort,,EUSTACHE
Jomanas EUSTACHE,Jomanas,,EUSTACHE
Madelon EUSTACHE,Madelon,,EUSTACHE
Reynold EUSTACHE,Reynold,,EUSTACHE
Marie M. EVANS,Marie,M.,EVANS
Frantz EXANTUS,Frantz,,EXANTUS
Jacquelin EXANTUS,Jacquelin,,EXANTUS
Max EXAVIER,Max,,EXAVIER
Jean-Claude EXULIEN,Jean-Claude,,EXULIEN
Bredy FABIEN,Bredy,,FABIEN
Alain FARAH,Alain,,FARAH
Dieudonné FARDIN,Dieudonné,,FARDIN
André FARRAULT,André,,FARRAULT
Lesly FARRAULT,Lesly,,FARRAULT
Ida FAUBERT,Ida,,FAUBERT
Michel FAUBERT,Michel,,FAUBERT
Jules Charles FAUSTIN,Jules,Charles,FAUSTIN
David C. FAVARD,David,C.,FAVARD
Grégoire FAYETTE,Grégoire,,FAYETTE
Théodore FAYETTE,Théodore,,FAYETTE
Ralph FÉQUIÈRE,Ralph,,FÉQUIÈRE
Emmanuel FÉLIX,Emmanuel,,FÉLIX
Emmanuel FÉLIX,Emmanuel,,FÉLIX
Jean-Claude FÉLIX,Jean-Claude,,FÉLIX
Ricot FÉLIX,Ricot,,FÉLIX
Franck FÉNÉLON,Franck,,FÉNÉLON
Ralph FÉQUIÈRE,Ralph,,FÉQUIÈRE
Joseph FERDINAND,Joseph,,FERDINAND
Jean-Marie FERET,Jean-Marie,,FERET
Marie-Marcelle FERJUSTE,Marie-Marcelle,,FERJUSTE
Katie FERMATHE,Katie,,FERMATHE
Guy FEROLUS,Guy,,FEROLUS
Dieubon FERRIER,Dieubon,,FERRIER
Sténio FÉTIÈRE,Sténio,,FÉTIÈRE
Jean-Hubert FEUILLÉ,Jean-Hubert,,FEUILLÉ
Laurent FEUROUX,Laurent,,FEUROUX
Bernard FÉVRIER,Bernard,,FÉVRIER
Osner FÉVRY,Osner,,FÉVRY
Emmanuel FIGARO,Emmanuel,,FIGARO
Georges J. FIGARO,Georges,J.,FIGARO
Grégoire FIGARO,Grégoire,,FIGARO
Moril FIGARO,Moril,,FIGARO
Annie FIGNOLÉ,Annie,,FIGNOLÉ
Daniel FIGNOLÉ,Daniel,,FIGNOLÉ
Jean-Claude FIGNOLÉ,Jean-Claude,,FIGNOLÉ
Anthony FILIEN,Anthony,,FILIEN
Fritz-Gérald FILOSCIN,Fritz-Gérald,,FILOSCIN
Didier FILS-AIMÉ,Didier,,FILS-AIMÉ
Jean FILS-AIMÉ,Jean,,FILS-AIMÉ
Joseph Anténor FIRMIN,Joseph,Anténor,FIRMIN
Maurice FLAMBERT,Maurice,,FLAMBERT
Raymond FLAMBERT,Raymond,,FLAMBERT
Antoine FLEURANT,Antoine,,FLEURANT
Aviol FLEURANT,Aviol,,FLEURANT
Edner FLEURANT,Edner,,FLEURANT
Gracia FLEURANT,Gracia,,FLEURANT
Lyonel FLEURIMA,Lyonel,,FLEURIMA
Mario FLEURIMA,Mario,,FLEURIMA
Cécile J. FLEURIMOND,Cécile,J.,FLEURIMOND
Marcel FLEURIMOND,Marcel,,FLEURIMOND
Aronson FLEURIOT,Aronson,,FLEURIOT
Madeleine FLEURIOT,Madeleine,,FLEURIOT
Alcibiade FLEURY-BATTIER,Alcibiade,,FLEURY-BATTIER
Catherine FLON,Catherine,,FLON
Jacques FLON,Jacques,,FLON
Edner FLORANT,Edner,,FLORANT
Antoine FLORESTAL,Antoine,,FLORESTAL
Hénold FLORESTAL,Hénold,,FLORESTAL
Joseph L. FLORESTANT,Joseph,L.,FLORESTANT
Maurice FLORUS,Maurice,,FLORUS
Charles FOMBRUN,Charles,,FOMBRUN
Odette FOMBRUN,Odette,,FOMBRUN
Serge FONTAINE,Serge,,FONTAINE
Alphonse FONTUS,Alphonse,,FONTUS
Marie C. FONTUS,Marie,C.,FONTUS
Gérard FORGES,Gérard,,FORGES
Guenady FORT,Guenady,,FORT
Eddy FORTUNÉ,Eddy,,FORTUNÉ
Jean Gabriel FORTUNÉ,Jean,Gabriel,FORTUNÉ
Margareth FORTUNÉ,Margareth,,FORTUNÉ
Miguel FORTUNÉ,Miguel,,FORTUNÉ
Hervé FOUCAND,Hervé,,FOUCAND
Jacques FOUCAND,Jacques,,FOUCAND
Jean FOUCAND,Jean,,FOUCAND
Serge FOUCAND,Serge,,FOUCAND
Ruthly FOUCAUD,Ruthly,,FOUCAUD
Calisthène FOUCHARD,Calisthène,,FOUCHARD
Jean FOUCHARD,Jean,,FOUCHARD
Lionel FOUCHARD,Lionel,,FOUCHARD
Zachée FOUCHÉ,Zachée,,FOUCHÉ
Jean René FOUREAU,Jean,René,FOUREAU
Raymond FOUREAU,Raymond,,FOUREAU
Jean-Claude FOURON,Jean-Claude,,FOURON
Henri FRANCILLON,Henri,,FRANCILLON
Assade FRANCOEUR,Assade,,FRANCOEUR
André FRANÇOIS,André,,FRANÇOIS
Dorante FRANÇOIS,Dorante,,FRANÇOIS
Eddy FRANÇOIS,Eddy,,FRANÇOIS
Étienne FRANÇOIS,Étienne,,FRANÇOIS
Francel FRANÇOIS,Francel,,FRANÇOIS
Guy FRANÇOIS,Guy,,FRANÇOIS
Harry Hans FRANÇOIS,Harry,Hans,FRANÇOIS
Jean FRANÇOIS,Jean,,FRANÇOIS
Jean Emmanuel FRANÇOIS,Jean,Emmanuel,FRANÇOIS
Luc FRANÇOIS,Luc,,FRANÇOIS
Marc Phalange FRANÇOIS,Marc,Phalange,FRANÇOIS
Michel FRANÇOIS,Michel,,FRANÇOIS
Major Sainfilus FRANÇOIS,Major,Sainfilus,FRANÇOIS
Ulysse FRANÇOIS,Ulysse,,FRANÇOIS
Peter FRISH,Peter,,FRISH
Harry FURCY,Harry,,FURCY
Renald GABAUD,Renald,,GABAUD
Francis GABRIEL,Francis,,GABRIEL
Mesmin GABRIEL,Mesmin,,GABRIEL
Naomie GABRIEL,Naomie,,GABRIEL
Maryline GAETJENS,Maryline,,GAETJENS
Gustie Klara GAILLARD,Gustie,Klara,GAILLARD
Micha GAILLARD,Micha,,GAILLARD
Roger GAILLARD,Roger,,GAILLARD
Gelin GAILLOT,Gelin,,GAILLOT
Fritz GAILLOT,Fritz,,GAILLOT
Luckner GARAUD,Luckner,,GARAUD
Bueno GARCIA,Bueno,,GARCIA
Marcus GARCIA,Marcus,,GARCIA
Méhu GARÇON,Méhu,,GARÇON
Wisner GARDÈRE,Wisner,,GARDÈRE
Jacques GARDÈRE,Jacques,,GARDÈRE
Jean GARDÈRE,Jean,,GARDÈRE
Ady Jean GARDY,Ady,Jean,GARDY
Dumé GARIUS,Dumé,,GARIUS
Eddy GARNIER,Eddy,,GARNIER
Hamilton GAROUTE,Hamilton,,GAROUTE
Carole GASPARD,Carole,,GASPARD
Edèle GASPARD,Edèle,,GASPARD
Tony GASPARD,Tony,,GASPARD
Claudy GASSANT,Claudy,,GASSANT
Jean GATEAU,Jean,,GATEAU
Philippe GATTEREAU,Philippe,,GATTEREAU
Emmanuel GAUTHIER,Emmanuel,,GAUTHIER
Jacques GAUTHIER,Jacques,,GAUTHIER
Marie-Antoinette GAUTHIER,Marie-Antoinette,,GAUTHIER
Marie-Louise GAUTHIER,Marie-Louise,,GAUTHIER
Viviane GAUTHIER,Viviane,,GAUTHIER
Jean Daniel GAYOT,Jean,Daniel,GAYOT
Jean GÉDÉON,Jean,,GÉDÉON
Michel-Ange GÉDÉON,Michel-Ange,,GÉDÉON
Claudel GEFFRARD,Claudel,,GEFFRARD
Cora GEFFRARD,Cora,,GEFFRARD
Guerby GEFFRARD,Guerby,,GEFFRARD
Mérisier GEFFRARD,Mérisier,,GEFFRARD
Nicolas GEFFRARD,Nicolas,,GEFFRARD
Nicolas FABRE GEFFRARD,Nicolas,FABRE,GEFFRARD
Robenson GEFFRARD,Robenson,,GEFFRARD
Abner GELIN,Abner,,GELIN
Gédéon GELIN,Gédéon,,GELIN
Gessica GÉNÉUS,Gessica,,GÉNÉUS
Hénock GÉNÉUS,Hénock,,GÉNÉUS
Jean-Victor GÉNÉUS,Jean-Victor,,GÉNÉUS
Claude GEORGES,Claude,,GEORGES
Daniel GEORGES,Daniel,,GEORGES
Euvonie GEORGES,Euvonie,,GEORGES
Grégory GEORGES,Grégory,,GEORGES
Reynold GEORGES,Reynold,,GEORGES
Étienne Élie GÉRIN,Étienne,Élie,GÉRIN
Jean-Marie Claude GERMAIN,Jean-Marie,Claude,GERMAIN
Robert GERMAIN,Robert,,GERMAIN
Cherro GERMEIL,Cherro,,GERMEIL
Jeanne Esther GERMEIL,Jeanne,Esther,GERMEIL
Pierre Castel GERMEIL,Pierre,Castel,GERMEIL
Germain GERVAIS,Germain,,GERVAIS
Gérald GILLES,Gérald,,GILLES
Marie Yolène GILLES,Marie,Yolène,GILLES
Raynold GILLES,Raynold,,GILLES
Serge GILLES,Serge,,GILLES
Rony GILOT,Rony,,GILOT
Stanley GILOT,Stanley,,GILOT
Marie-Élie GLANDA,Marie-Élie,,GLANDA
Marie-José GLÉMAUD,Marie-José,,GLÉMAUD
Patrice GODET,Patrice,,GODET
Jean-Baptiste GOMAN,Jean-Baptiste,,GOMAN
Jean-Marie GOMAN,Jean-Marie,,GOMAN
Phénil Désir GORDON,Phénil,Désir,GORDON
Ghislain GOURAIGE,Ghislain,,GOURAIGE
Yveline GOURDET,Yveline,,GOURDET
Gerard GOURGUE,Gerard,,GOURGUE
Gérard GOURGUE,Gérard,,GOURGUE
Bernard GOUSSE,Bernard,,GOUSSE
Edgard Jacques Timothée GOUSSE,Edgard,Jacques Timothée,GOUSSE
Orémil GOUSSE,Orémil,,GOUSSE
Jacques GRACIA,Jacques,,GRACIA
Jean-Claude GRACIA,Jean-Claude,,GRACIA
Rosemonde GRANDCHAMPS,Rosemonde,,GRANDCHAMPS
Claude GRAND-PIERRE,Claude,,GRAND-PIERRE
Kern GRAND-PIERRE,Kern,,GRAND-PIERRE
Napoléon GRANDIZER,Napoléon,,GRANDIZER
Luc GRIMARD,Luc,,GRIMARD
Abelson GROS-NEGRE,Abelson,,GROS-NEGRE
Patrick GUACANAGARIC,Patrick,,GUACANAGARIC
Holly GUÉRIN,Holly,,GUÉRIN
Donald GUERRIER,Donald,,GUERRIER
Marcnelle GUERRIER,Marcnelle,,GUERRIER
Philippe GUERRIER,Philippe,,GUERRIER
Mariline GUEDJENS,Mariline,,GUEDJENS
Major Eberle GUILBAUD,Major,Eberle,GUILBAUD
Tertulien GUILBAUD,Tertulien,,GUILBAUD
Jean-Claude GUILLAUME,Jean-Claude,,GUILLAUME
Pierre Richard GUILLAUME,Pierre,Richard,GUILLAUME
Raoul GUILLAUME,Raoul,,GUILLAUME
Rutshelle GUILLAUME,Rutshelle,,GUILLAUME
Sony GUILLAUME,Sony,,GUILLAUME
Ronald GUILLAUME-SAM,Ronald,,GUILLAUME-SAM
Vilbrun GUILLAUME-SAM,Vilbrun,,GUILLAUME-SAM
Betty GUILLET-DELATOUR,Betty,,GUILLET-DELATOUR
Michael GUIRAND,Michael,,GUIRAND
Paul GUIRAND,Paul,,GUIRAND
Carl Henry GUITEAU,Carl,Henry,GUITEAU
Gérald GUITEAU,Gérald,,GUITEAU
Josiane GUITHON,Josiane,,GUITHON
Jean-Victor GUSTAVE,Jean-Victor,,GUSTAVE
Magalie HABITANT,Magalie,,HABITANT
Louis D. HALL,Louis,D.,HALL
Joffrey HANDAL,Joffrey,,HANDAL
Samir HANDAL,Samir,,HANDAL
Ernest HARISSON,Ernest,,HARISSON
Cary HECTOR,Cary,,HECTOR
Michel HECTOR,Michel,,HECTOR
Renan HÉDOUVILLE,Renan,,HÉDOUVILLE
Franck HELMCKE,Franck,,HELMCKE
Cacique HENRI,Cacique,,HENRI
Guerrier HENRI,Guerrier,,HENRI
Alfred HENRIQUEZ,Alfred,,HENRIQUEZ
Constantin HENRIQUEZ,Constantin,,HENRIQUEZ
Pradel HENRIQUEZ,Pradel,,HENRIQUEZ
Ariel HENRY,Ariel,,HENRY
Gesner HENRY,Gesner,,HENRY
Ulrick HENRY,Ulrick,,HENRY
Jean Hugues HENRYS,Jean,Hugues,HENRYS
Dimitri HÉRARD,Dimitri,,HÉRARD
Jean-Robert HÉRARD,Jean-Robert,,HÉRARD
Charles Rivière HÉRARD,Charles,Rivière,HÉRARD
Carlos HERCULE,Carlos,,HERCULE
Jouthe HÉRISSÉ,Jouthe,,HÉRISSÉ
Monclès HÉRISSÉ,Monclès,,HÉRISSÉ
Roody HÉRIVAUX,Roody,,HÉRIVAUX
Moreau HERNE,Moreau,,HERNE
Marie-Claire HEUREUSE,Marie-Claire,,HEUREUSE
Fernand HIBBERT,Fernand,,HIBBERT
Nicole HIBBERT,Nicole,,HIBBERT
Jean-Baptiste HILAIRE,Jean-Baptiste,,HILAIRE
Toussaint HILAIRE,Toussaint,,HILAIRE
Armand HOLLY,Armand,,HOLLY
Arthur HOLLY,Arthur,,HOLLY
Daniel HOLLY,Daniel,,HOLLY
James Théodore HOLLY,James,Théodore,HOLLY
Pierre HOLLY,Pierre,,HOLLY
Jean-Jacques HONORAT,Jean-Jacques,,HONORAT
Lamartinière HONORAT,Lamartinière,,HONORAT
Lionel HONORAT,Lionel,,HONORAT
Jeudy Jean HOREL,Jeudy,Jean,HOREL
Jean-Pierre HUDINCOURT,Jean-Pierre,,HUDINCOURT
Max HUDINCOURT,Max,,HUDINCOURT
Laennec HURBON,Laennec,,HURBON
Gérard Serge HYACINTHE,Gérard,Serge,HYACINTHE
Anristel HYPPOLITE,Anristel,,HYPPOLITE
Ducas HYPPOLITE,Ducas,,HYPPOLITE
Florvil HYPPOLITE,Florvil,,HYPPOLITE
Jean Hérold HYPPOLITE,Jean,Hérold,HYPPOLITE
Maurice Elder HYPPOLITE,Maurice,Elder,HYPPOLITE
Mirlande HYPPOLITE,Mirlande,,HYPPOLITE
Pierre HYPPOLITE,Pierre,,HYPPOLITE
Serge M. HYPPOLITE,Serge,M.,HYPPOLITE
Jean-Claude ICART,Jean-Claude,,ICART
Joseph Balthazar INGINAC,Joseph,Balthazar,INGINAC
Vitelhomme INNOCENT,Vitelhomme,,INNOCENT
Antoine IZMÉRY,Antoine,,IZMÉRY
Doris IZMÉRY,Doris,,IZMÉRY
Georges IZMÉRY,Georges,,IZMÉRY
Raphael JAAR,Raphael,,JAAR
Rodolph JAAR,Rodolph,,JAAR
Charles JACAMAN,Charles,,JACAMAN
Dada JACAMAN,Dada,,JACAMAN
Sorel JACINTHE,Sorel,,JACINTHE
Daphney JACQUES,Daphney,,JACQUES
Jean JACQUES,Jean,,JACQUES
Lauture JACQUES,Lauture,,JACQUES
Maurice JACQUES,Maurice,,JACQUES
René JACQUES,René,,JACQUES
Jean Emmanuel JACQUET,Jean,Emmanuel,JACQUET
Hérard JADOTTE,Hérard,,JADOTTE
Gérard Pricorne JANVIER,Gérard,Pricorne,JANVIER
Louis Joseph JANVIER,Louis,Joseph,JANVIER
Arsène JASMIN,Arsène,,JASMIN
Fred JASMIN,Fred,,JASMIN
Gérard JASMIN,Gérard,,JASMIN
Alfred JEAN,Alfred,,JEAN
Alix JEAN,Alix,,JEAN
Claude JEAN,Claude,,JEAN
Eddy Arnold JEAN,Eddy,Arnold,JEAN
Fayolle JEAN,Fayolle,,JEAN
Fritz Alphonse JEAN,Fritz,Alphonse,JEAN
Gédéon JEAN,Gédéon,,JEAN
Jacques Sauveur JEAN,Jacques,Sauveur,JEAN
Jennifer JEAN,Jennifer,,JEAN
Jude JEAN,Jude,,JEAN
Michaelle JEAN,Michaelle,,JEAN
Mona JEAN,Mona,,JEAN
Nixon JEAN,Nixon,,JEAN
Oriol JEAN,Oriol,,JEAN
Péguy JEAN,Péguy,,JEAN
Raphael JEAN,Raphael,,JEAN
Rosemond JEAN,Rosemond,,JEAN
Udson JEAN,Udson,,JEAN
Wycleff JEAN,Wycleff,,JEAN
Caleb JEAN-BAPTISTE,Caleb,,JEAN-BAPTISTE
Chavannes JEAN-BAPTISTE,Chavannes,,JEAN-BAPTISTE
Dieudonné JEAN-BAPTISTE,Dieudonné,,JEAN-BAPTISTE
Edgard JEAN-BAPTISTE,Edgard,,JEAN-BAPTISTE
Éric JEAN-BAPTISTE,Éric,,JEAN-BAPTISTE
Ernst JEAN-BAPTISTE,Ernst,,JEAN-BAPTISTE
Ève JEAN-BAPTISTE,Ève,,JEAN-BAPTISTE
Gary JEAN-BAPTISTE,Gary,,JEAN-BAPTISTE
Jean-Claude JEAN-BAPTISTE,Jean-Claude,,JEAN-BAPTISTE
Jean Eudes JEAN-BAPTISTE,Jean,Eudes,JEAN-BAPTISTE
Nemours JEAN-BAPTISTE,Nemours,,JEAN-BAPTISTE
Osnel JEAN-BAPTISTE,Osnel,,JEAN-BAPTISTE
Rossini JEAN-BAPTISTE,Rossini,,JEAN-BAPTISTE
Saint-Victor JEAN-BAPTISTE,Saint-Victor,,JEAN-BAPTISTE
Hénock JEAN-CHARLES,Hénock,,JEAN-CHARLES
Moise JEAN-CHARLES,Moise,,JEAN-CHARLES
Pascal Nery JEAN-CHARLES,Pascal,Nery,JEAN-CHARLES
Roger JEAN-CHARLES,Roger,,JEAN-CHARLES
Martha JEAN-CLAUDE,Martha,,JEAN-CLAUDE
Hérold JEAN-FRANÇOIS,Hérold,,JEAN-FRANÇOIS
Gérard JEAN-GILLES,Gérard,,JEAN-GILLES
Gérard JEAN-JUSTE,Gérard,,JEAN-JUSTE
Albert Claude JEAN-LOUIS,Albert,Claude,JEAN-LOUIS
Daniel JEAN-LOUIS,Daniel,,JEAN-LOUIS
Fritz JEAN-LOUIS,Fritz,,JEAN-LOUIS
Grégaire JEAN-LOUIS,Grégaire,,JEAN-LOUIS
Jimmy JEAN-LOUIS,Jimmy,,JEAN-LOUIS
Joseph Mécène JEAN-LOUIS,Joseph,Mécène,JEAN-LOUIS
Pierrilus JEAN-LOUIS,Pierrilus,,JEAN-LOUIS
Roland JEAN-LOUIS,Roland,,JEAN-LOUIS
Serge JEAN-LOUIS,Serge,,JEAN-LOUIS
Kyss JEAN-MARIE,Kyss,,JEAN-MARIE
Mérisier JEANNIS,Mérisier,,JEANNIS
Béatrice JEAN-PIERRE,Béatrice,,JEAN-PIERRE
Bird JEAN-PIERRE,Bird,,JEAN-PIERRE
Brisma JEAN-PIERRE,Brisma,,JEAN-PIERRE
Gabriel JEAN-PIERRE,Gabriel,,JEAN-PIERRE
Guyteau JEAN-PIERRE,Guyteau,,JEAN-PIERRE
Jacques Adler JEAN-PIERRE,Jacques,Adler,JEAN-PIERRE
Julio JEAN-PIERRE,Julio,,JEAN-PIERRE
Jean-Claude JEAN-PROIX,Jean-Claude,,JEAN-PROIX
André JEANTY,André,,JEANTY
Hubert JEANTY,Hubert,,JEANTY
Isaïe JEANTY,Isaïe,,JEANTY
Jean William JEANTY,Jean,William,JEANTY
Occide JEANTY,Occide,,JEANTY
Steeve JECROIS,Steeve,,JECROIS
Présumé JÉRÉMIE,Présumé,,JÉRÉMIE
Samuel JÉRÉMIE,Samuel,,JÉRÉMIE
Abel JÉROME,Abel,,JÉROME
Gaetan JERÔME,Gaetan,,JERÔME
Patrick JÉROME,Patrick,,JÉROME
Yvon JÉRÔME,Yvon,,JÉRÔME
Lise JEUDY-NELSON,Lise,,JEUDY-NELSON
Magdala JEUDY,Magdala,,JEUDY
Wilson JEUDY,Wilson,,JEUDY
Léon JEUNE,Léon,,JEUNE
Lysius Félicité Salomon JEUNE,Lysius,Félicité Salomon,JEUNE
Marie Christine JEUNE,Marie,Christine,JEUNE
Benoit JOACHIM,Benoit,,JOACHIM
Jacques JOACHIM,Jacques,,JOACHIM
Moissept JOACHIM,Moissept,,JOACHIM
Jean-Claude JOANIS,Jean-Claude,,JOANIS
Marcelin JOCELYN,Marcelin,,JOCELYN
Busta JOHN,Busta,,JOHN
Nader JOISÉUS,Nader,,JOISÉUS
Hermann JOISIL,Hermann,,JOISIL
Jean Robert JOISIL,Jean,Robert,JOISIL
Germine JOLI,Germine,,JOLI
Gérard JOLIBOIS,Gérard,,JOLIBOIS
Joseph JOLIBOIS,Joseph,,JOLIBOIS
Aubelin JOLICOEUR,Aubelin,,JOLICOEUR
Marie-Ange JOLICOEUR,Marie-Ange,,JOLICOEUR
Serge A. JOLICOEUR,Serge,A.,JOLICOEUR
Gérald JONACE,Gérald,,JONACE
Émile JONASSAINT,Émile,,JONASSAINT
Jean JONASSAINT,Jean,,JONASSAINT
Claude Henry JOSEPH,Claude,Henry,JOSEPH
Énold JOSEPH,Énold,,JOSEPH
Ernst Jean JOSEPH,Ernst,Jean,JOSEPH
Giordany JOSEPH,Giordany,,JOSEPH
Jean Arnel JOSEPH,Jean,Arnel,JOSEPH
John Joel JOSEPH,John,Joel,JOSEPH
Jouthe JOSEPH,Jouthe,,JOSEPH
Léonard P. JOSEPH,Léonard,P.,JOSEPH
Max Léopold JOSEPH,Max,Léopold,JOSEPH
Lunie JOSEPH,Lunie,,JOSEPH
Marc César JOSEPH,Marc,César,JOSEPH
Marcel JOSEPH,Marcel,,JOSEPH
Marie Étienne Martine JOSEPH,Marie,Étienne Martine,JOSEPH
Marie Gerline JOSEPH,Marie,Gerline,JOSEPH
Mario JOSEPH,Mario,,JOSEPH
Martin JOSEPH,Martin,,JOSEPH
Néhémy JOSEPH,Néhémy,,JOSEPH
Raymond JOSEPH,Raymond,,JOSEPH
Serge Jean JOSEPH,Serge,Jean,JOSEPH
Vincent JOSEPH,Vincent,,JOSEPH
Wilot JOSEPH,Wilot,,JOSEPH
Wilson JOSEPH,Wilson,,JOSEPH
Yanick JOSEPH,Yanick,,JOSEPH
Yvenert F. JOSEPH,Yvenert,F.,JOSEPH
Yves JOSEPH,Yves,,JOSEPH
Yvon JOSEPH,Yvon,,JOSEPH
Valentin JOSMA,Valentin,,JOSMA
Louise JOURDAN,Louise,,JOURDAN
Harry JOUTHE,Harry,,JOUTHE
Joseph JOUTHE,Joseph,,JOUTHE
Mackly JOUTHE,Mackly,,JOUTHE
Evena JULES,Evena,,JULES
Frantz JULES,Frantz,,JULES
Frantz Joseph JULES,Frantz,Joseph,JULES
Grégory JULES,Grégory,,JULES
Lesly JULES,Lesly,,JULES
Ruffin JULES,Ruffin,,JULES
Jean JULIEN,Jean,,JULIEN
Mara JULMÉ,Mara,,JULMÉ
Jacques JULMICE,Jacques,,JULMICE
Charles JUMELLE,Charles,,JUMELLE
Clément JUMELLE,Clément,,JUMELLE
Ducasse JUMELLE,Ducasse,,JUMELLE
Gaston JUMELLE,Gaston,,JUMELLE
Rea C. JUMELLE,Rea,C.,JUMELLE
Simone JUMELLE,Simone,,JUMELLE
Théophile JUMELLE,Théophile,,JUMELLE
Coulange JUSTAFORT,Coulange,,JUSTAFORT
Frantz JUSTAFORT,Frantz,,JUSTAFORT
Major Georges JUSTAFORT,Major,Georges,JUSTAFORT
Serge JUSTAFORT,Serge,,JUSTAFORT
Farah JUSTE,Farah,,JUSTE
Frantz Louis JUSTE,Frantz,Louis,JUSTE
Lesly JUSTE,Lesly,,JUSTE
Marc JUSTIN,Marc,,JUSTIN
John KANIGLIA,John,,KANIGLIA
Saint-John KAUSS,Saint-John,,KAUSS
Antonio T. KÉBREAU,Antonio,T.,KÉBREAU
Frédéric KÉBREAU,Frédéric,,KÉBREAU
Gérald KÉBREAU,Gérald,,KÉBREAU
Louis KÉBREAU,Louis,,KÉBREAU
Georges KENSKOFF,Georges,,KENSKOFF
Jules KENSKOFF,Jules,,KENSKOFF
Gérard KERNIZAN,Gérard,,KERNIZAN
Jacques KETAN,Jacques,,KETAN
Hamilton KILLICK,Hamilton,,KILLICK
Serge KLANG,Serge,,KLANG
Gary KLANG,Gary,,KLANG
Jean KOURI,Jean,,KOURI
Raymond LABASTILLE,Raymond,,LABASTILLE
Ketlie F. LABONNE,Ketlie,F.,LABONNE
Joane LABORDE,Joane,,LABORDE
Badio LABOULE,Badio,,LABOULE
Rassoul LABUCHIN,Rassoul,,LABUCHIN
Claudy LACARTE,Claudy,,LACARTE
Jouthe LACHENAIS,Jouthe,,LACHENAIS
Jean Simon LACROIX,Jean,Simon,LACROIX
Jeffers LACROIX,Jeffers,,LACROIX
Jean Duckens LAFAILLE,Jean,Duckens,LAFAILLE
Sylner LAFAILLE,Sylner,,LAFAILLE
Windsor Dany LAFERRIÈRE,Windsor,Dany,LAFERRIÈRE
Armel LAFLEUR,Armel,,LAFLEUR
Carl LAFONTANT,Carl,,LAFONTANT
Claude LAFONTANT,Claude,,LAFONTANT
Jacques LAFONTANT,Jacques,,LAFONTANT
Jacques Guy LAFONTANT,Jacques,Guy,LAFONTANT
Joseph LAFONTANTj,Joseph,,LAFONTANTj
Roger LAFONTANT,Roger,,LAFONTANT
Solange LAFONTANT,Solange,,LAFONTANT
Edmond LAFOREST,Edmond,,LAFOREST
Jean-Richard LAFOREST,Jean-Richard,,LAFOREST
Standley LAFORTUNE,Standley,,LAFORTUNE
Willy LAFORTUNE,Willy,,LAFORTUNE
Yves LAFORTUNE,Yves,,LAFORTUNE
Jeane LAFOSSETTE,Jeane,,LAFOSSETTE
Josué LAFRANCE,Josué,,LAFRANCE
Claudy LAGUERRE,Claudy,,LAGUERRE
Eddy LAGUERRE,Eddy,,LAGUERRE
Alphonse LAHENS,Alphonse,,LAHENS
Wébert LAHENS,Wébert,,LAHENS
Yanick LAHENS,Yanick,,LAHENS
Daniel LAINÉ,Daniel,,LAINÉ
Fritz LALANNE,Fritz,,LALANNE
Jean-Robert LALANNE,Jean-Robert,,LALANNE
Léon LALEAU,Léon,,LALEAU
Wilson LALEAU,Wilson,,LALEAU
Mura LAMARRE,Mura,,LAMARRE
Hugues LAMARRE,Hugues,,LAMARRE
Joseph LAMARRE,Joseph,,LAMARRE
Marie-Jeanne LAMARTINIÈRE,Marie-Jeanne,,LAMARTINIÈRE
Joseph LAMBERT,Joseph,,LAMBERT
Dully LAMOTHE,Dully,,LAMOTHE
Éric LAMOTHE,Éric,,LAMOTHE
Laurent Salvador LAMOTHE,Laurent,Salvador,LAMOTHE
Leduc LAMOTHE,Leduc,,LAMOTHE
Louis LAMOTHE,Louis,,LAMOTHE
Ludovic LAMOTHE,Ludovic,,LAMOTHE
Seymour LAMOTHE,Seymour,,LAMOTHE
Alexandre LAMOUR,Alexandre,,LAMOUR
Éric Brunel LAMOUR,Éric,Brunel,LAMOUR
Wilkens LAMPY,Wilkens,,LAMPY
Félix LAMY,Félix,,LAMY
Chibly LANGLOIS,Chibly,,LANGLOIS
Antoine LANGOMIER,Antoine,,LANGOMIER
Clément LANIER,Clément,,LANIER
Lenet LAPAIX,Lenet,,LAPAIX
Jean-Michel LAPIN,Jean-Michel,,LAPIN
Alain LARAQUE,Alain,,LARAQUE
Ashley LARAQUE,Ashley,,LARAQUE
Franck LARAQUE,Franck,,LARAQUE
Frantz LARAQUE,Frantz,,LARAQUE
Guy LARAQUE,Guy,,LARAQUE
Paul LARAQUE,Paul,,LARAQUE
Tony LARAQUE,Tony,,LARAQUE
Yvon D. LARAQUE,Yvon,D.,LARAQUE
Chantal LARCO,Chantal,,LARCO
Harby LARCO,Harby,,LARCO
Kerby LARÈCHE,Kerby,,LARÈCHE
Ronald LARÈCHE,Ronald,,LARÈCHE
Georges Frantz LARGE,Georges,Frantz,LARGE
Josaphat Robert LARGE,Josaphat,Robert,LARGE
Arly LARIVIÈRE,Arly,,LARIVIÈRE
Gérard LAROCHE,Gérard,,LAROCHE
Jacques LAROCHE,Jacques,,LAROCHE
John LAROCHE,John,,LAROCHE
Louis LAROCHE,Louis,,LAROCHE
Lucita Merger LAROCHE,Lucita,Merger,LAROCHE
Max LAROCHE,Max,,LAROCHE
Maximilien LAROCHE,Maximilien,,LAROCHE
Panesteker LAROCHE,Panesteker,,LAROCHE
Patrice LAROCHE,Patrice,,LAROCHE
Solon LAROCHE,Solon,,LAROCHE
Dieudonné LAROSE,Dieudonné,,LAROSE
Jules LARRIEUX,Jules,,LARRIEUX
Alex LARSEN,Alex,,LARSEN
Hans LARSEN,Hans,,LARSEN
Vladimir E. LARSEN,Vladimir,E.,LARSEN
Joslyn LASSÈGUE,Joslyn,,LASSÈGUE
Marie-Laurence J. LASSÈGUE,Marie-Laurence,J.,LASSÈGUE
Gérard LATORTUE,Gérard,,LATORTUE
Jacob LATORTUE,Jacob,,LATORTUE
Justin LATORTUE,Justin,,LATORTUE
Youri LATORTUE,Youri,,LATORTUE
François LATOUR,François,,LATOUR
Gérard Mentor LAURENT,Gérard,Mentor,LAURENT
Patrick LAURENT,Patrick,,LAURENT
Raymond LAURENT,Raymond,,LAURENT
Lyonel LAURENCEAU,Lyonel,,LAURENCEAU
Jocelyne LAURIN,Jocelyne,,LAURIN
Franck LAUTURE,Franck,,LAUTURE
Gladys LAUTURE,Gladys,,LAUTURE
Magloire LAUTURE,Magloire,,LAUTURE
Hervé LAVAL,Hervé,,LAVAL
Franck LAVAUD,Franck,,LAVAUD
Charles LAVEAU,Charles,,LAVEAU
Marie LAVEAU,Marie,,LAVEAU
Marie Philomène LAVEAU,Marie,Philomène,LAVEAU
Max LAVEAU,Max,,LAVEAU
Chrysostome LAVENTURE,Chrysostome,,LAVENTURE
Frantz LAVENTURE,Frantz,,LAVENTURE
Horatius LAVENTURE,Horatius,,LAVENTURE
Lionel LAZARRE,Lionel,,LAZARRE
Mario LÉANDRE,Mario,,LÉANDRE
Camille LEBLANC,Camille,,LEBLANC
Edgard LEBLANC,Edgard,,LEBLANC
Hervé LEBRETON,Hervé,,LEBRETON
Georges LEBRUN,Georges,,LEBRUN
Joseph LEBRUN,Joseph,,LEBRUN
Béatrice LECONTE,Béatrice,,LECONTE
Cina LECONTE,Cina,,LECONTE
Michel Cincinnatus LECONTE,Michel,Cincinnatus,LECONTE
Frédéric LECONTE,Frédéric,,LECONTE
Michel P. LECONTE,Michel,P.,LECONTE
Patrick LECONTE,Patrick,,LECONTE
Vergniaud LECONTE,Vergniaud,,LECONTE
Jean LEDAN,Jean,,LEDAN
Yanick LEDAN,Yanick,,LEDAN
Jean Marie Roger LEFÈVRE,Jean,Marie Roger,LEFÈVRE
Serge LEGAGNEUR,Serge,,LEGAGNEUR
Vladimir LEGAGNEUR,Vladimir,,LEGAGNEUR
Jean Danton LÉGER,Jean,Danton,LÉGER
Pierre LÉGER,Pierre,,LÉGER
Robert LÉGER,Robert,,LÉGER
Jean-Baptiste Vixamar LEGRAND,Jean-Baptiste,Vixamar,LEGRAND
Léon LEGROS,Léon,,LEGROS
Marie Suzy LEGROS,Marie,Suzy,LEGROS
Sandra LEMAIRE,Sandra,,LEMAIRE
Canon LEMOINE,Canon,,LEMOINE
Joseph LEMOINE,Joseph,,LEMOINE
Lucien LEMOINE,Lucien,,LEMOINE
Michel LEMOINE,Michel,,LEMOINE
Robert LEMOINE,Robert,,LEMOINE
Sébastien LENOIR,Sébastien,,LENOIR
Paul LÉON,Paul,,LÉON
Remi LÉON,Remi,,LÉON
René LÉON,René,,LÉON
Rulx LÉON,Rulx,,LÉON
Yves LÉONARD,Yves,,LÉONARD
Jean-Robert LÉONIDAS,Jean-Robert,,LÉONIDAS
André LEREBOURS,André,,LEREBOURS
Michel Philippe LEREBOURS,Michel,Philippe,LEREBOURS
Alexandre LEROUGE,Alexandre,,LEROUGE
Laure LEROY,Laure,,LEROY
Pierre Rudolph LEROY,Pierre,Rudolph,LEROY
Valéry LEROY,Valéry,,LEROY
Jean LESAGE,Jean,,LESAGE
Jodel LESAGE,Jodel,,LESAGE
Pierre Yves LESAGE,Pierre,Yves,LESAGE
Raymond LESBAINS,Raymond,,LESBAINS
Élie LESCOT,Élie,,LESCOT
Evans LESCOUFLAIR,Evans,,LESCOUFLAIR
Odifet LESPÉRANCE,Odifet,,LESPÉRANCE
Jacques LETANG,Jacques,,LETANG
Claudie LÉVEILLÉ,Claudie,,LÉVEILLÉ
Eciface LÉVEILLÉ,Eciface,,LÉVEILLÉ
Ernst LÉVEILLÉ,Ernst,,LÉVEILLÉ
Max LÉVEILLÉ,Max,,LÉVEILLÉ
Pierre-Eddy LÉVEILLÉ,Pierre-Eddy,,LÉVEILLÉ
Antoine LEVELT,Antoine,,LEVELT
Bernard LÉVESQUE,Bernard,,LÉVESQUE
Carl LÉVESQUE,Carl,,LÉVESQUE
Josué LEXIDOR,Josué,,LEXIDOR
Adèbal LHÉRISSON,Adèbal,,LHÉRISSON
Camille LHÉRISSON,Camille,,LHÉRISSON
Daniel LHÉRISSON,Daniel,,LHÉRISSON
Dieudonné LHÉRISSON,Dieudonné,,LHÉRISSON
Farah-Martine LHÉRISSON,Farah-Martine,,LHÉRISSON
Fernand LHÉRISSON,Fernand,,LHÉRISSON
Major Hugo LHÉRISSON,Major,Hugo,LHÉRISSON
Jean Adèbal LHÉRISSON,Jean,Adèbal,LHÉRISSON
Justin LHÉRISSON,Justin,,LHÉRISSON
Jean LIAUTAUD,Jean,,LIAUTAUD
Manès LIAUTAUD,Manès,,LIAUTAUD
Jean Justin LIGONDÉ,Jean,Justin,LIGONDÉ
Raphael LIGONDÉ,Raphael,,LIGONDÉ
Wolf LIGONDÉ,Wolf,,LIGONDÉ
Roxana LIMONADE,Roxana,,LIMONADE
Brignol LINDOR,Brignol,,LINDOR
Fresnel LINDOR,Fresnel,,LINDOR
Kénol LINDOR,Kénol,,LINDOR
Kerby LINDOR,Kerby,,LINDOR
Jean-René LOCHARD,Jean-René,,LOCHARD
Richard LOISEAU,Richard,,LOISEAU
Frantz LOMINY,Frantz,,LOMINY
Thérèse LONGCHAMP,Thérèse,,LONGCHAMP
Lionel LORENCEAU,Lionel,,LORENCEAU
Adlerson LORISMON,Adlerson,,LORISMON
Joseph LORQUET,Joseph,,LORQUET
Schiller LOUIDOR,Schiller,,LOUIDOR
Ardouin LOUIJEAN,Ardouin,,LOUIJEAN
Despierres LOUIJEAN,Despierres,,LOUIJEAN
Joseph Manès LOUIS,Joseph,Manès,LOUIS
Mania LOUIS,Mania,,LOUIS
Michel Salmador LOUIS,Michel,Salmador,LOUIS
Orénel LOUIS,Orénel,,LOUIS
Franck LOUISSAINT,Franck,,LOUISSAINT
Henry LOUISSAINT,Henry,,LOUISSAINT
Jean-Claude LOUISSAINT,Jean-Claude,,LOUISSAINT
Jean Ernst LOUISSAINT,Jean,Ernst,LOUISSAINT
Odma LOUISSAINT,Odma,,LOUISSAINT
Pierre Joseph LOUISSAINT,Pierre,Joseph,LOUISSAINT
Isaac LOUVERTURE,Isaac,,LOUVERTURE
Moise LOUVERTURE,Moise,,LOUVERTURE
Paul LOUVERTURE,Paul,,LOUVERTURE
Placide LOUVERTURE,Placide,,LOUVERTURE
Toussaint LOUVERTURE,Toussaint,,LOUVERTURE
Reynald LUBÉRICE,Reynald,,LUBÉRICE
Eddy LUBIN,Eddy,,LUBIN
Maurice LUBIN,Maurice,,LUBIN
Philippe LUBIN,Philippe,,LUBIN
Réginald LUBIN,Réginald,,LUBIN
Pradel LUCAS,Pradel,,LUCAS
Stanley LUCAS,Stanley,,LUCAS
Georges Eddy LUCIEN,Georges,Eddy,LUCIEN
Démétrius LUMA,Démétrius,,LUMA
Jacky LUMARQUE,Jacky,,LUMARQUE
Bernard LUNDI,Bernard,,LUNDI
Jean Elder LUNDI,Jean,Elder,LUNDI
Frederik Mc. ARTY,Frederik,Mc.,ARTY
Jean-François MACKANDAL,Jean-François,,MACKANDAL
Serge MADIOU,Serge,,MADIOU
Thomas MADIOU,Thomas,,MADIOU
Samuel MADISTIN,Samuel,,MADISTIN
Judeson MADSEN,Judeson,,MADSEN
Gabriel MADSEN,Gabriel,,MADSEN
Auguste MAGLOIRE,Auguste,,MAGLOIRE
Clément MAGLOIRE,Clément,,MAGLOIRE
Clément MAGLOIRE,Clément,,MAGLOIRE
Nadine MAGLOIRE,Nadine,,MAGLOIRE
Paul-Eugène MAGLOIRE,Paul-Eugène,,MAGLOIRE
René MAGLOIRE,René,,MAGLOIRE
Tony MAHOTTIÈRE,Tony,,MAHOTTIÈRE
Grégory MAYARD-PAUL,Grégory,,MAYARD-PAUL
André MAGNY,André,,MAGNY
Edmond MAGNY,Edmond,,MAGNY
Étienne MAGNY,Étienne,,MAGNY
Jean-Fritz MAGNY,Jean-Fritz,,MAGNY
Smith MAGNY,Smith,,MAGNY
Tony MAHOTTIÈRE,Tony,,MAHOTTIÈRE
Gary MAISONNEUVE,Gary,,MAISONNEUVE
Marc-Antoine MAISONNEUVE,Marc-Antoine,,MAISONNEUVE
Elois MAÎTRE     ,Elois,,MAÎTRE     
Robert MALVAL,Robert,,MALVAL
Yves MALEBRANCHE,Yves,,MALEBRANCHE
Claude MANASSE,Claude,,MANASSE
Mezadieu Adolphe MANAWAY,Mezadieu,Adolphe,MANAWAY
Edmond MANGONÈS,Edmond,,MANGONÈS
Anthony MANIGAT,Anthony,,MANIGAT
Charles MANIGAT,Charles,,MANIGAT
Claude MANIGAT,Claude,,MANIGAT
François Saint-Roc MANIGAT,François,Saint-Roc,MANIGAT
François Saint-Surin MANIGAT,François,Saint-Surin,MANIGAT
Leslie François MANIGAT,Leslie,François,MANIGAT
Max MANIGAT,Max,,MANIGAT
Nesmy MANIGAT,Nesmy,,MANIGAT
Mirlande Hyppolite MANIGAT,Mirlande,Hyppolite,MANIGAT
Pierre MANIGAT,Pierre,,MANIGAT
Jeanty MANIS,Jeanty,,MANIS
Robert MANUEL,Robert,,MANUEL
Caleb MANUS,Caleb,,MANUS
Jean MAPOU,Jean,,MAPOU
Georges MARC,Georges,,MARC
Jules André MARC,Jules,André,MARC
Panel MARC,Panel,,MARC
Ricardo MARC,Ricardo,,MARC
Charlotin MARCADIEU,Charlotin,,MARCADIEU
Guy MARCEL,Guy,,MARCEL
Eddy MARCELIN,Eddy,,MARCELIN
Frédéric MARCELIN,Frédéric,,MARCELIN
Dax MARION,Dax,,MARION
Malbranche MARMELADE,Malbranche,,MARMELADE
Jean-Price MARS,Jean-Price,,MARS
Kettly MARS,Kettly,,MARS
Louis MARS,Louis,,MARS
Jean-Philippe MARSEILLANT,Jean-Philippe,,MARSEILLANT
Jean-Claude MARTEL,Jean-Claude,,MARTEL
Gérard MARTELLY,Gérard,,MARTELLY
Joseph Michel MARTELLY,Joseph,Michel,MARTELLY
Olivier MARTELLY,Olivier,,MARTELLY
Sophia Saint-Rémy MARTELLY,Sophia,Saint-Rémy,MARTELLY
Robert MARTINO,Robert,,MARTINO
Jean-Claude MARTINEAU,Jean-Claude,,MARTINEAU
Pierre MARTINEAU,Pierre,,MARTINEAU
Felix MARTISSANT,Felix,,MARTISSANT
Sandro MASUCCI,Sandro,,MASUCCI
Jean-Claude MATEL,Jean-Claude,,MATEL
Anix MATHIEU,Anix,,MATHIEU
Frantzy MATHIEU,Frantzy,,MATHIEU
Joseph L. MATHIEU,Joseph,L.,MATHIEU
Daniel MATHURIN,Daniel,,MATHURIN
Palème MATHURIN,Palème,,MATHURIN
Ruthny MATHURIN,Ruthny,,MATHURIN
Jean-Pierre MATILUS,Jean-Pierre,,MATILUS
David MAURICE,David,,MAURICE
Jacques MAURICE,Jacques,,MAURICE
Louis MAXIMILIEN,Louis,,MAXIMILIEN
Marcel MAXIMILIEN,Marcel,,MAXIMILIEN
Gérard MAXINEAU,Gérard,,MAXINEAU
Mario MAYALA,Mario,,MAYALA
Henry Max MAYARD,Henry,Max,MAYARD
Constantin MAYARD,Constantin,,MAYARD
John MAZOUKA,John,,MAZOUKA
Frantz MÉDARD,Frantz,,MÉDARD
Yves MÉDARD,Yves,,MÉDARD
Hérodote MÉGALOS,Hérodote,,MÉGALOS
Étienne Chalmers MEHDI,Étienne,Chalmers,MEHDI
André MELON,André,,MELON
Nicolas MÉMORÈS,Nicolas,,MÉMORÈS
Jacques P. MÉMORIN,Jacques,P.,MÉMORIN
Guy Max MÉNARD,Guy,Max,MÉNARD
Paul MÉNARD,Paul,,MÉNARD
Ernst MÉNÉLAS,Ernst,,MÉNÉLAS
Jacques MÉNÉLAS,Jacques,,MÉNÉLAS
Yolette MENGUAL,Yolette,,MENGUAL
Solon MÉNOS,Solon,,MÉNOS
James MENTOR,James,,MENTOR
Étienne MENTOR,Étienne,,MENTOR
Gérard MENTOR-LAURENT,Gérard,,MENTOR-LAURENT
Junior MENTOR,Junior,,MENTOR
Roland MENUAU,Roland,,MENUAU
Gérard MERCERON,Gérard,,MERCERON
Pierre MERCERON,Pierre,,MERCERON
Josué MÉRILIEN,Josué,,MÉRILIEN
Andalas MERTILUS,Andalas,,MERTILUS
Joanès MERVILUS,Joanès,,MERVILUS
Antoine MERVIN,Antoine,,MERVIN
Guerlande MÉSADIEU,Guerlande,,MÉSADIEU
Luc MÉSADIEU,Luc,,MÉSADIEU
Marc Leroy MÉSIDOR,Marc,Leroy,MÉSIDOR
Jean Auguste MESIEUX,Jean,Auguste,MESIEUX
Amyot MÉTAYER,Amyot,,MÉTAYER
Audie MÉTAYER,Audie,,MÉTAYER
Clarel MÉTELLUS,Clarel,,MÉTELLUS
Elsie MÉTELLUS-CHALUMEAU,Elsie,,MÉTELLUS-CHALUMEAU
Guy MÉTELLUS,Guy,,MÉTELLUS
Jean MÉTELLUS,Jean,,MÉTELLUS
Margareth MÉTELLUS,Margareth,,MÉTELLUS
Yves Antoine MÉTELLUS,Yves,Antoine,MÉTELLUS
Jean Monard MÉTHELUS,Jean,Monard,MÉTHELUS
Bernard MEVS,Bernard,,MEVS
Fritz MEVS,Fritz,,MEVS
Grégory MEVS,Grégory,,MEVS
Ronald MEVS,Ronald,,MEVS
Youri MEVS,Youri,,MEVS
Weber MICHAUD,Weber,,MICHAUD
André MICHEL,André,,MICHEL
Georges MICHEL,Georges,,MICHEL
Georges Loubert MICHEL,Georges,Loubert,MICHEL
Jean Joubert MICHEL,Jean,Joubert,MICHEL
Marjorie MICHEL,Marjorie,,MICHEL
Smart MICHEL,Smart,,MICHEL
Stéphane MICHEL,Stéphane,,MICHEL
Milice MIDY,Milice,,MIDY
Francklin MIDY,Francklin,,MIDY
Frantz MIDY,Frantz,,MIDY
Pierre-Richard MIDY,Pierre-Richard,,MIDY
Jude MILCÉ,Jude,,MILCÉ
Roger MILIEN,Roger,,MILIEN
Rodrigue MILIEN,Rodrigue,,MILIEN
Vanessa MILORD,Vanessa,,MILORD
Jules MILOT,Jules,,MILOT
Jules Solime MILSCENT,Jules,Solime,MILSCENT
Frantz MINUTY,Frantz,,MINUTY
Gilbert MIRAMBEAU,Gilbert,,MIRAMBEAU
Ernst MIRVILLE,Ernst,,MIRVILLE
Serge MITHON,Serge,,MITHON
Germinal MOCSONI,Germinal,,MOCSONI
Claude MOISE,Claude,,MOISE
Denis MOISE,Denis,,MOISE
Etienne MOISE,Etienne,,MOISE
Gabriel MOISE,Gabriel,,MOISE
Jean-Charles MOISE,Jean-Charles,,MOISE
Jean-Marie MOISE,Jean-Marie,,MOISE
Jovenel MOISE,Jovenel,,MOISE
Joverlein MOISE,Joverlein,,MOISE
Martine Joseph MOISE,Martine,Joseph,MOISE
Tony MOISE,Tony,,MOISE
Yacinthe MOISE,Yacinthe,,MOISE
Yanick MOISE,Yanick,,MOISE
Emmanuel MOLIÈRE,Emmanuel,,MOLIÈRE
Jean MOLIÈRE,Jean,,MOLIÈRE
Jean Fednel MONCHÉRY,Jean,Fednel,MONCHÉRY
Frantz MONDÉ,Frantz,,MONDÉ
Géralus MONDÉ,Géralus,,MONDÉ
Robert MONDÉ,Robert,,MONDÉ
Nérilia MONDÉSIR,Nérilia,,MONDÉSIR
Schiller MONDÉSIR,Schiller,,MONDÉSIR
Jean-Marc MONDESTIN,Jean-Marc,,MONDESTIN
Léonel Monpoint MONDESTIN,Léonel,Monpoint,MONDESTIN
Rony MONDESTIN,Rony,,MONDESTIN
Arlette MONÉREAU,Arlette,,MONÉREAU
Urmanie MONÉREAU,Urmanie,,MONÉREAU
Probus MONESTIME,Probus,,MONESTIME
Jean-Jacques MONFISTON,Jean-Jacques,,MONFISTON
Arnold MONLOUIS,Arnold,,MONLOUIS
Jean-Claude MONLOUIS,Jean-Claude,,MONLOUIS
André MONPÉROUSSE,André,,MONPÉROUSSE
René MONPLAISIR,René,,MONPLAISIR
Bernard MONPOINT,Bernard,,MONPOINT
Roosevelt MONPOINT,Roosevelt,,MONPOINT
Marie Ghislaine MONPREMIER,Marie,Ghislaine,MONPREMIER
Lucien MONTAS,Lucien,,MONTAS
Michèle MONTAS,Michèle,,MONTAS
Roland MONTAS,Roland,,MONTAS
Patrick MONTEAU,Patrick,,MONTEAU
Gérard MONTÈS,Gérard,,MONTÈS
Pierre MONTÈS,Pierre,,MONTÈS
Mathieu MONTHERLANT,Mathieu,,MONTHERLANT
Frantz MONTILUS,Frantz,,MONTILUS
Robert MONTINAT,Robert,,MONTINAT
Victoria MONTOU,Victoria,,MONTOU
Bel-Ami Jean de MONTREUX,Bel-Ami,Jean de,MONTREUX
Charles MORAVIA,Charles,,MORAVIA
Tony MORDAN,Tony,,MORDAN
Alan MORDAN,Alan,,MORDAN
Frantz MORENCY,Frantz,,MORENCY
Noé MORENCY,Noé,,MORENCY
Patrick MORENCY,Patrick,,MORENCY
Mela MORIN,Mela,,MORIN
Jean Joseph MORIN,Jean,Joseph,MORIN
Jean Wilner MORIN,Jean,Wilner,MORIN
Oreste MORIN,Oreste,,MORIN
Jean Osner MORIN,Jean,Osner,MORIN
Paul MORIN,Paul,,MORIN
André MORISSETTE,André,,MORISSETTE
Patricia MORISSETTE,Patricia,,MORISSETTE
Roland MORISSEAU,Roland,,MORISSEAU
Félix MORISSEAU-LEROY,Félix,,MORISSEAU-LEROY
Mirlande MESADIEU,Mirlande,,MESADIEU
Noé MORENCY,Noé,,MORENCY
Jean Errol MOROSE,Jean,Errol,MOROSE
Rodrigue MORTEL,Rodrigue,,MORTEL
Emmanuel MORVAN,Emmanuel,,MORVAN
John Colem MORVAN,John,Colem,MORVAN
Patrick MOSÉUS,Patrick,,MOSÉUS
Patrick MOTEAU,Patrick,,MOTEAU
Jerry MOURA,Jerry,,MOURA
Lesly MOURA,Lesly,,MOURA
Michèle MOURA,Michèle,,MOURA
Patrick MOUSSIGNAC,Patrick,,MOUSSIGNAC
Rudolf MULLER,Rudolf,,MULLER
Jean Myrto MURAILLE,Jean,Myrto,MURAILLE
Réginald MURAT,Réginald,,MURAT
Antoine MUSCADIN,Antoine,,MUSCADIN
André MUSCADIN,André,,MUSCADIN
Jean Ernst MUSCADIN,Jean,Ernst,MUSCADIN
Jean Gardy MUSCADIN,Jean,Gardy,MUSCADIN
Jean-Claude NADAL,Jean-Claude,,NADAL
Fritz NADER,Fritz,,NADER
Georges NADER,Georges,,NADER
Henry NAMPHY,Henry,,NAMPHY
Jean de NANTES,Jean,de,NANTES
Daniel NARCISSE,Daniel,,NARCISSE
Jean NARCISSE,Jean,,NARCISSE
Maryse NARCISSE,Maryse,,NARCISSE
Pierre-Richard NARCISSE,Pierre-Richard,,NARCISSE
Silora NASSAR,Silora,,NASSAR
Sébastien NASSAUT,Sébastien,,NASSAUT
Bernard NAU,Bernard,,NAU
Émile NAU,Émile,,NAU
Hermann Dominique NAU,Hermann,Dominique,NAU
Ignace NAU,Ignace,,NAU
Julio NAU,Julio,,NAU
Léon NAU,Léon,,NAU
Sylvestre NAU,Sylvestre,,NAU
Breton NAZAIRE,Breton,,NAZAIRE
Charles NAZAIRE,Charles,,NAZAIRE
Jenny NAZAIRE,Jenny,,NAZAIRE
Pierre-Eddy NAZAIRE,Pierre-Eddy,,NAZAIRE
Duckens NAZON,Duckens,,NAZON
Notrecide NEIGHT,Notrecide,,NEIGHT
Alande NELSON,Alande,,NELSON
Bolivar NELSON,Bolivar,,NELSON
Chambeau NELSON,Chambeau,,NELSON
Claude Henry NELSON,Claude,Henry,NELSON
Edner NELSON,Edner,,NELSON
Gérard NELSON,Gérard,,NELSON
Isancia NELSON,Isancia,,NELSON
James Henry NELSON,James,Henry,NELSON
Jasmine Ashley NELSON,Jasmine,Ashley,NELSON
Jemmy-Luce NELSON,Jemmy-Luce,,NELSON
Jodd NELSON,Jodd,,NELSON
John NELSON,John,,NELSON
John David NELSON,John,David,NELSON
Léonie NELSON,Léonie,,NELSON
Lyontan NELSON,Lyontan,,NELSON
Major Luc NELSON,Major,Luc,NELSON
Manel NELSON,Manel,,NELSON
Mario Luc NELSON,Mario,Luc,NELSON
Renel NELSON,Renel,,NELSON
Ronald NELSON,Ronald,,NELSON
Ruth NELSON,Ruth,,NELSON
Valentino NELSON,Valentino,,NELSON
Alfred NEMOURS,Alfred,,NEMOURS
Yvon NEPTUNE,Yvon,,NEPTUNE
Robert NÉRÉE,Robert,,NÉRÉE
Micial NÉRESTANT  ,Micial,,NÉRESTANT  
Chenet NÉRETTE,Chenet,,NÉRETTE
Jacques NÉRETTE,Jacques,,NÉRETTE
Joseph NÉRETTE,Joseph,,NÉRETTE
Victor NÉRETTE,Victor,,NÉRETTE
Nelus NERUIS,Nelus,,NERUIS
Nelly NICAISSE,Nelly,,NICAISSE
Allrich NICOLAS,Allrich,,NICOLAS
Harry NICOLAS,Harry,,NICOLAS
Roger NICOLAS,Roger,,NICOLAS
Luxon NICOLEAU,Luxon,,NICOLEAU
Théodore NICOLEAU,Théodore,,NICOLEAU
James NOEL,James,,NOEL
John Cadafy NOEL,John,Cadafy,NOEL
Maurice NOEL,Maurice,,NOEL
Rose Lys NOEL,Rose,Lys,NOEL
Jean Roger NOELCIUS,Jean,Roger,NOELCIUS
David NONCENT,David,,NONCENT
Daniella NORBERT,Daniella,,NORBERT
Rameau NORMIL,Rameau,,NORMIL
Pierre NOVEMBRE,Pierre,,NOVEMBRE
Edgar Néré NUMA,Edgar,Néré,NUMA
Guy NUMA,Guy,,NUMA
Marcel NUMA,Marcel,,NUMA
Patrick NUMA,Patrick,,NUMA
Valéry NUMA,Valéry,,NUMA
Beethova OBAS,Beethova,,OBAS
Léone OBAS,Léone,,OBAS
Michel OBAS,Michel,,OBAS
Michèle OBAS,Michèle,,OBAS
Thérèse OBAS,Thérèse,,OBAS
Victor OBAS,Victor,,OBAS
Jean Sam OCCELIN,Jean,Sam,OCCELIN
Henry ODÉIDE,Henry,,ODÉIDE
Stéphane ODÉMA,Stéphane,,ODÉMA
Byron ODIGÉ,Byron,,ODIGÉ
Blondo ODIVIN,Blondo,,ODIVIN
Gary OLIUS,Gary,,OLIUS
Dominique OLIVIER,Dominique,,OLIVIER
Émile OLIVIER,Émile,,OLIVIER
Fritz Kerr OLIVIER,Fritz,Kerr,OLIVIER
Émile OLRICHE,Émile,,OLRICHE
Angelo ORACIUS,Angelo,,ORACIUS
Emmanuel ORCEL,Emmanuel,,ORCEL
Gabriel ORCEL,Gabriel,,ORCEL
Garry ORÉLIEN,Garry,,ORÉLIEN
Godson ORÉLUS,Godson,,ORÉLUS
Michel ORESTE,Michel,,ORESTE
Solon ORIOL,Solon,,ORIOL
Jean ORIOL,Jean,,ORIOL
Robert ORIOL,Robert,,ORIOL
Gaston ORIVAL,Gaston,,ORIVAL
Samuel ORIVAL,Samuel,,ORIVAL
Naomie OSAKA,Naomie,,OSAKA
Charles OSCAR,Charles,,OSCAR
Valiere OUANAMINTHE,Valiere,,OUANAMINTHE
Simone OVIDE,Simone,,OVIDE
Jean Sam OXILEN,Jean,Sam,OXILEN
David OXYGÈNE,David,,OXYGÈNE
Hubert PAPAYER,Hubert,,PAPAYER
Jean William PAPE,Jean,William,PAPE
Denise PAPILLON,Denise,,PAPILLON
André PACOT,André,,PACOT
Antonine PACOT,Antonine,,PACOT
Ernst PADY,Ernst,,PADY
Paulette PAILLANT,Paulette,,PAILLANT
Edner PAJOTTE,Edner,,PAJOTTE
Léon D. PAMPHILE,Léon,D.,PAMPHILE
Hérold PAPILLON,Hérold,,PAPILLON
Jean-François PAPILLON,Jean-François,,PAPILLON
Nadia PAPILLON,Nadia,,PAPILLON
Pierre Sylvestre PAPILLON,Pierre,Sylvestre,PAPILLON
Victor PAPILLON,Victor,,PAPILLON
Jacques PAQUIOT,Jacques,,PAQUIOT
Pierre-Marie PAQUIOT,Pierre-Marie,,PAQUIOT
André Jonas Vladimir PARAISON,André,Jonas Vladimir,PARAISON
Donald PARAISON,Donald,,PARAISON
Edwin PARAISON,Edwin,,PARAISON
François PARDIEU,François,,PARDIEU
Pierre PARET,Pierre,,PARET
Robert PARET,Robert,,PARET
Roland PARET,Roland,,PARET
Jacques PARIS,Jacques,,PARIS
Jean Cau PARISIEN,Jean,Cau,PARISIEN
André PASCAL,André,,PASCAL
Anthony PASCAL,Anthony,,PASCAL
Alix PASQUET,Alix,,PASQUET
André PASQUET,André,,PASQUET
Claude PASQUET,Claude,,PASQUET
Edmond PAUL,Edmond,,PAUL
Edouard C. PAUL,Edouard,C.,PAUL
Emmanuel C. PAUL,Emmanuel,C.,PAUL
Evans PAUL,Evans,,PAUL
Fred PAUL,Fred,,PAUL
Jean-Claude PAUL,Jean-Claude,,PAUL
Jean Éric PAUL,Jean,Éric,PAUL
Lucien Casséus PAUL,Lucien,Casséus,PAUL
Rudolph PAUL,Rudolph,,PAUL
Evelyne PAULIN,Evelyne,,PAULIN
Edouard PAULTRE,Edouard,,PAULTRE
Guy PAULTRE,Guy,,PAULTRE
Carl-Henry PAUYO,Carl-Henry,,PAUYO
Jean Edouard PAUYO,Jean,Edouard,PAUYO
Joseph PAUYO,Joseph,,PAUYO
Reynold PAUYO,Reynold,,PAUYO
Claude PÉAN,Claude,,PÉAN
Lesly PÉAN,Lesly,,PÉAN
Marc PÉAN,Marc,,PÉAN
Michel A. PÉAN,Michel,A.,PÉAN
Stanley PÉAN,Stanley,,PÉAN
Yves-Marie PÉAN,Yves-Marie,,PÉAN
Raoul PECK,Raoul,,PECK
Simon PELÉ,Simon,,PELÉ
Romelus PÈLERIN,Romelus,,PÈLERIN
Kedar PÉNETTE,Kedar,,PÉNETTE
Charlemagne PÉRALTE,Charlemagne,,PÉRALTE
Dupéral PÉRALTE,Dupéral,,PÉRALTE
Mina PÉRALTE,Mina,,PÉRALTE
Romel PÉRALTE,Romel,,PÉRALTE
Claude PÉRICLÈS,Claude,,PÉRICLÈS
Jean-Baptiste PERRIER,Jean-Baptiste,,PERRIER
Mireille PERST,Mireille,,PERST
Henry PERPIGNANT,Henry,,PERPIGNANT
Mona PERVIL,Mona,,PERVIL
Alexandre PÉTION,Alexandre,,PÉTION
Alexandrine PÉTION,Alexandrine,,PÉTION
Jean Pierre-Louis PÉTION,Jean,Pierre-Louis,PÉTION
Kesnel PÉTION,Kesnel,,PÉTION
Rose PÉTION,Rose,,PÉTION
Osner PETIPAPA,Osner,,PETIPAPA
André PETIT,André,,PETIT
Antoine G. PETIT,Antoine,G.,PETIT
Georges J. PETIT,Georges,J.,PETIT
Jean Mosanto PETIT,Jean,Mosanto,PETIT
Roger PETIT-FRÈRE,Roger,,PETIT-FRÈRE
Rosemila PETIT-FRÈRE,Rosemila,,PETIT-FRÈRE
Frantz PETIT-HOMME,Frantz,,PETIT-HOMME
Edouard PETRUS,Edouard,,PETRUS
Ernst PHANORD,Ernst,,PHANORD
Kesner PHAREL,Kesner,,PHAREL
Wendy PHELE,Wendy,,PHELE
Anthony PHELPS,Anthony,,PHELPS
Donald PHILIPPE,Donald,,PHILIPPE
Guy PHILIPPE,Guy,,PHILIPPE
Jean Robert PHILIPPE,Jean,Robert,PHILIPPE
Monod PHILIPPE,Monod,,PHILIPPE
Alain PHILOCTÈTE,Alain,,PHILOCTÈTE
Raymond PHILOCTÈTE,Raymond,,PHILOCTÈTE
René PHILOCTÈTE,René,,PHILOCTÈTE
Buchet PHILOGÈNE,Buchet,,PHILOGÈNE
Martial PIARD,Martial,,PIARD
Albert PIERRE,Albert,,PIERRE
Alix PIERRE,Alix,,PIERRE
Bernard PIERRE,Bernard,,PIERRE
Chantal PIERRE,Chantal,,PIERRE
Chesnel PIERRE,Chesnel,,PIERRE
Claude PIERRE,Claude,,PIERRE
Fajas PIERRE,Fajas,,PIERRE
Jean Joseph PIERRE,Jean,Joseph,PIERRE
Josué PIERRE,Josué,,PIERRE
Jude Edouard PIERRE,Jude,Edouard,PIERRE
Max Freesney PIERRE,Max,Freesney,PIERRE
Mathias PIERRE,Mathias,,PIERRE
Napoléon PIERRE,Napoléon,,PIERRE
Pressoir PIERRE,Pressoir,,PIERRE
Ricard PIERRE,Ricard,,PIERRE
Samuel PIERRE,Samuel,,PIERRE
Yanick PIERRE,Yanick,,PIERRE
Damélia PIERRE-ANTOINE,Damélia,,PIERRE-ANTOINE
John PIERRE-ANTOINE,John,,PIERRE-ANTOINE
Mathilde PIERRE-ANTOINE,Mathilde,,PIERRE-ANTOINE
Nicole PIERRE-ANTOINE,Nicole,,PIERRE-ANTOINE
Gérard PIERRE-CHARLES,Gérard,,PIERRE-CHARLES
Sauveur PIERRE-ÉTIENNE,Sauveur,,PIERRE-ÉTIENNE
Princeton PIERRE-GILLES,Princeton,,PIERRE-GILLES
Beljuste PIERRE-JUNOT,Beljuste,,PIERRE-JUNOT
Constant PIERRE-LOUIS,Constant,,PIERRE-LOUIS
Dieulouis PIERRE-LOUIS,Dieulouis,,PIERRE-LOUIS
Edson PIERRE-LOUIS,Edson,,PIERRE-LOUIS
Jean Eugène PIERRE-LOUIS,Jean,Eugène,PIERRE-LOUIS
Hervé PIERRE-LOUIS,Hervé,,PIERRE-LOUIS
Josué PIERRE-LOUIS,Josué,,PIERRE-LOUIS
Joseph Nemours PIERRE-LOUIS,Joseph,Nemours,PIERRE-LOUIS
Luc PIERRE-LOUIS,Luc,,PIERRE-LOUIS
Michèle Duvivier PIERRE-LOUIS,Michèle,Duvivier,PIERRE-LOUIS
Robenson PIERRE-LOUIS,Robenson,,PIERRE-LOUIS
Rossini PIERRE-LOUIS,Rossini,,PIERRE-LOUIS
Rudolph PIERRE-LOUIS,Rudolph,,PIERRE-LOUIS
Ulysse PIERRE-LOUIS,Ulysse,,PIERRE-LOUIS
Jenny Edouard PIERRE-LYS,Jenny,Edouard,PIERRE-LYS
Antoine PIERRE-PAUL,Antoine,,PIERRE-PAUL
Edouard PIERRE-PAUL,Edouard,,PIERRE-PAUL
Jackson PIERRE-PAUL,Jackson,,PIERRE-PAUL
Liliane PIERRE-PAUL,Liliane,,PIERRE-PAUL
André PIERREVILUS,André,,PIERREVILUS
Jean-Louis PIERROT,Jean-Louis,,PIERROT
Max PIERROT,Max,,PIERROT
Jean-François PIGNON,Jean-François,,PIGNON
René PIGNON,René,,PIGNON
Amicet PINCHINAT,Amicet,,PINCHINAT
Myriam PINCHINAT,Myriam,,PINCHINAT
Elizabeth PINTRO,Elizabeth,,PINTRO
Henri PIQUANT,Henri,,PIQUANT
Wood PIQUÉ,Wood,,PIQUÉ
René PIQUION,René,,PIQUION
Johnny PLACIDE,Johnny,,PLACIDE
Luckner PLANTIN,Luckner,,PLANTIN
Jackson PLÉTEAU,Jackson,,PLÉTEAU
Philippe de POINCY,Philippe,de,POINCY
Emmanuel POINTDUJOUR,Emmanuel,,POINTDUJOUR
Jean-Baptiste POINT-DU-SABLE,Jean-Baptiste,,POINT-DU-SABLE
Arthur POLYCARPE,Arthur,,POLYCARPE
Lélio POMPÉ,Lélio,,POMPÉ
Patrick POMPILUS,Patrick,,POMPILUS
Pradel POMPILUS,Pradel,,POMPILUS
Constant D. PONGNON,Constant,D.,PONGNON
Isidore PONGNON,Isidore,,PONGNON
Louis-Edouard POUGET,Louis-Edouard,,POUGET
Ansy P. POULARD,Ansy,P.,POULARD
Ariel POULARD,Ariel,,POULARD
Rosemond PRADEL,Rosemond,,PRADEL
Seymour PRADEL,Seymour,,PRADEL
Lemoine PREMIER,Lemoine,,PREMIER
Claude PRÉPETIT,Claude,,PRÉPETIT
Catts PRESSOIR,Catts,,PRESSOIR
Michel PRÉSUMÉ,Michel,,PRÉSUMÉ
Agnès Elizabeth Débrosse PRÉVAL,Agnès,Elizabeth Débrosse,PRÉVAL
Guerdie PRÉVAL,Guerdie,,PRÉVAL
René Garcia PRÉVAL,René,Garcia,PRÉVAL
Ralph PRÉVAUD,Ralph,,PRÉVAUD
Johanne PRÉVILIEN,Johanne,,PRÉVILIEN
Raph PRÉVOT,Raph,,PRÉVOT
Hannibal PRICE,Hannibal,,PRICE
Petit-Noel PRIEUR,Petit-Noel,,PRIEUR
Jordany PRINCE,Jordany,,PRINCE
Naidey PRISCYLLE,Naidey,,PRISCYLLE
Jocelème PRIVERT,Jocelème,,PRIVERT
Clerman PROFANE,Clerman,,PROFANE
Victor PROFANE,Victor,,PROFANE
Marc-Elie PROPHÈTE,Marc-Elie,,PROPHÈTE
Eberle PROPHÈTE,Eberle,,PROPHÈTE
Eddy PROPHÈTE,Eddy,,PROPHÈTE
Emmelie PROPHÈTE,Emmelie,,PROPHÈTE
Emmanuel PROPHÈTE,Emmanuel,,PROPHÈTE
Harry PROPHÈTE,Harry,,PROPHÈTE
Levy PROPHÈTE,Levy,,PROPHÈTE
Lucien PROPHÈTE,Lucien,,PROPHÈTE
Fernand PROSPER,Fernand,,PROSPER
Jean Caco PROSPER,Jean,Caco,PROSPER
Macaisse PROSPER,Macaisse,,PROSPER
René PROSPER,René,,PROSPER
Ernst PRUDHOMME,Ernst,,PRUDHOMME
Sully PRUDHOMME,Sully,,PRUDHOMME
Joubert PUILBOREAU,Joubert,,PUILBOREAU
Jean PYRAM,Jean,,PYRAM
Jocelyne QUERSAIN,Jocelyne,,QUERSAIN
Léonce QUALO,Léonce,,QUALO
Réginald QUALO,Réginald,,QUALO
Litsz QUITEL,Litsz,,QUITEL
Jean RABEL,Jean,,RABEL
Adrien RAMEAU,Adrien,,RAMEAU
Bernard RAMSEY,Bernard,,RAMSEY
Marie Sylvanie RAMSEY,Marie,Sylvanie,RAMSEY
Cassandra RAYMOND,Cassandra,,RAYMOND
Claude RAYMOND,Claude,,RAYMOND
Gasner RAYMOND,Gasner,,RAYMOND
Julien RAYMOND,Julien,,RAYMOND
Himmler RÉBU,Himmler,,RÉBU
Williams RÉGALA,Williams,,RÉGALA
Guy RÉGIS,Guy,,RÉGIS
Reynald RÉGIS,Reynald,,RÉGIS
Alexandre REMARAIS,Alexandre,,REMARAIS
Ravix RÉMISSETTE,Ravix,,RÉMISSETTE
Arnel RÉMY,Arnel,,RÉMY
Lochard RÉMY,Lochard,,RÉMY
Raoul RÉMY,Raoul,,RÉMY
Alix RENAUD,Alix,,RENAUD
Jacques Viau RENAUD,Jacques,Viau,RENAUD
Jacques RENÉ,Jacques,,RENÉ
Luc RENETTE,Luc,,RENETTE
Clarens RENOIS,Clarens,,RENOIS
Georges RENOIS,Georges,,RENOIS
Gérard RÉSIL,Gérard,,RÉSIL
Gary RÉSIL,Gary,,RÉSIL
André RICHÉ,André,,RICHÉ
Andrice RICHÉ,Andrice,,RICHÉ
Jean-Baptiste RICHÉ,Jean-Baptiste,,RICHÉ
Pierre RICHÉ,Pierre,,RICHÉ
Bernard RICHEMONT,Bernard,,RICHEMONT
Ronald RICHEMONT,Ronald,,RICHEMONT
Antoine RIGAL,Antoine,,RIGAL
André RIGAUD,André,,RIGAUD
Georges Ernest RIGAUD,Georges,Ernest,RIGAUD
Jules RIGAUD,Jules,,RIGAUD
Milo RIGAUD,Milo,,RIGAUD
Pierre RIGAUD,Pierre,,RIGAUD
Roland RIGAUD,Roland,,RIGAUD
Charles RIMPEL,Charles,,RIMPEL
Gladys RIMPEL,Gladys,,RIMPEL
Yvonne Akim RIMPEL,Yvonne,Akim,RIMPEL
André RIOBÉ,André,,RIOBÉ
Hector RIOBÉ,Hector,,RIOBÉ
Antonio RIVAL,Antonio,,RIVAL
Roland RIVAL,Roland,,RIVAL
Jean RIVIÈRE,Jean,,RIVIÈRE
Mercius RIVIÈRE,Mercius,,RIVIÈRE
Samuel ROBUSTE,Samuel,,ROBUSTE
Antoine ROC,Antoine,,ROC
Nancy ROC,Nancy,,ROC
Jacques ROCHE,Jacques,,ROCHE
Joseph ROCHE,Joseph,,ROCHE
Yves Jean-Pierre ROCHE,Yves,Jean-Pierre,ROCHE
Paul ROCHEMOND,Paul,,ROCHEMOND
Abial RODRIGUE,Abial,,RODRIGUE
José RODRIGUEZ,José,,RODRIGUEZ
Ronald RODRIGUEZ,Ronald,,RODRIGUEZ
Rose-Marie RODRIGUEZ,Rose-Marie,,RODRIGUEZ
Sergio RODRIGUEZ,Sergio,,RODRIGUEZ
Boiguéné ROGAVIL,Boiguéné,,ROGAVIL
Sterling ROMAIN,Sterling,,ROMAIN
Franck ROMAIN,Franck,,ROMAIN
Josué ROMAIN,Josué,,ROMAIN
Paul ROMAIN,Paul,,ROMAIN
Seymour ROMAIN ,Seymour,,ROMAIN 
Edlin ROMÉLUS,Edlin,,ROMÉLUS
Marie C. ROMÉLUS  ,Marie,C.,ROMÉLUS  
Willy ROMÉLUS,Willy,,ROMÉLUS
Fritz ROMULUS,Fritz,,ROMULUS
Martial ROMULUS,Martial,,ROMULUS
Hubert de RONCERAY,Hubert,de,RONCERAY
Jean-Jean ROOSEVELT,Jean-Jean,,ROOSEVELT
Ulrich ROSARION,Ulrich,,ROSARION
Marie ROSEMOND,Marie,,ROSEMOND
Jacques ROUMAIN,Jacques,,ROUMAIN
Jean-Baptiste ROUMAIN,Jean-Baptiste,,ROUMAIN
Émile ROUMER,Émile,,ROUMER
Guy ROUMER,Guy,,ROUMER
Maxime ROUMER,Maxime,,ROUMER
Roger ROUSSEAU,Roger,,ROUSSEAU
Yves ROUSSEAU,Yves,,ROUSSEAU
Daniel ROUZIER,Daniel,,ROUZIER
Marilisse ROUZIER,Marilisse,,ROUZIER
Martine ROUZIER,Martine,,ROUZIER
Semexan ROUZIER,Semexan,,ROUZIER
Alix ROY,Alix,,ROY
Edouard ROY,Edouard,,ROY
Eugène ROY,Eugène,,ROY
Marie Greta ROY-CLÉMENT,Marie,Greta,ROY-CLÉMENT
Odette ROY-FOMBRUN,Odette,,ROY-FOMBRUN
Gaston SABA,Gaston,,SABA
Steven SABA,Steven,,SABA
Ernst SABALAT,Ernst,,SABALAT
Dominique SABOURIN,Dominique,,SABOURIN
Myriam SAGET,Myriam,,SAGET
Nissage SAGET,Nissage,,SAGET
Roosevelt SAILLANT,Roosevelt,,SAILLANT
Roger SAINT-ALBIN,Roger,,SAINT-ALBIN
Edriss SAINT-ARMAND,Edriss,,SAINT-ARMAND
Euvrard SAINT-ARMAND,Euvrard,,SAINT-ARMAND
Frantz SAINT-ARMAND,Frantz,,SAINT-ARMAND
Clément Magloire SAINT-AUDE,Clément,Magloire,SAINT-AUDE
Augustin SAINT-CLOU,Augustin,,SAINT-CLOU
Garby SAINTE-CROIX,Garby,,SAINTE-CROIX
Laurent SAINT-CYR,Laurent,,SAINT-CYR
Ronsard SAINT-CYR,Ronsard,,SAINT-CYR
Rodney SAINT-ÉLOI,Rodney,,SAINT-ÉLOI
Henry SAINT-FLEUR,Henry,,SAINT-FLEUR
Ignace SAINT-FLEUR,Ignace,,SAINT-FLEUR
Fritz SAINT-FORT,Fritz,,SAINT-FORT
Garry SAINT-GERMAIN,Garry,,SAINT-GERMAIN
Grégory SAINT-HILAIRE,Grégory,,SAINT-HILAIRE
Paul SAINT-HILAIRE,Paul,,SAINT-HILAIRE
Serge SAINT-HILAIRE,Serge,,SAINT-HILAIRE
Ronald SAINT-JEAN,Ronald,,SAINT-JEAN
Newton SAINT-JUSTE,Newton,,SAINT-JUSTE
Mario SAINT-LAURENT,Mario,,SAINT-LAURENT
Émile SAINT-LOT,Émile,,SAINT-LOT
Acédius SAINT-LOUIS,Acédius,,SAINT-LOUIS
Valerio SAINT-LOUIS,Valerio,,SAINT-LOUIS
Moreau de SAINT-MÉRY,Moreau,de,SAINT-MÉRY
Desdunes SAINT-PIERRE,Desdunes,,SAINT-PIERRE
David SAINT-PREUX,David,,SAINT-PREUX
Fritz SAINT-PREUX,Fritz,,SAINT-PREUX
Maxime SAINT-PREUX,Maxime,,SAINT-PREUX
Charles SAINT-RÉMY,Charles,,SAINT-RÉMY
Sony SAINT-RÉMY,Sony,,SAINT-RÉMY
Sophia SAINT-RÉMY,Sophia,,SAINT-RÉMY
Fernand SAINT-SURIN,Fernand,,SAINT-SURIN
Harold SAINT-SURIN,Harold,,SAINT-SURIN
Mario SAINTILUS,Mario,,SAINTILUS
Théodore SAINTILUS,Théodore,,SAINTILUS
Jacques SAINTULMÉ,Jacques,,SAINTULMÉ
Jean SAINT-VICTOR,Jean,,SAINT-VICTOR
Jean-Baptiste SAINT-VICTOR,Jean-Baptiste,,SAINT-VICTOR
Bernard SAINVIL,Bernard,,SAINVIL
Eribert SAINVIL,Eribert,,SAINVIL
Faber SAINVIL,Faber,,SAINVIL
Granvil SAINVIL,Granvil,,SAINVIL
Guy SAINVIL,Guy,,SAINVIL
Joseph SAINVIL,Joseph,,SAINVIL
Olivia SAINVIL,Olivia,,SAINVIL
Fridel SAJOUS,Fridel,,SAJOUS
Michel SAJOUS,Michel,,SAJOUS
Serge SAJOUS,Serge,,SAJOUS
Paulette SALAM,Paulette,,SALAM
Antoine SALGADO,Antoine,,SALGADO
Antoine SALIBA,Antoine,,SALIBA
Bee SALIBA,Bee,,SALIBA
Gérard SALIBA,Gérard,,SALIBA
Willy SALIBA,Willy,,SALIBA
Rosa SALNAVE,Rosa,,SALNAVE
Sylvain SALNAVE,Sylvain,,SALNAVE
Jean-Marie SALOMON,Jean-Marie,,SALOMON
Richardson SALOMON,Richardson,,SALOMON
Cécile McLorin SALVANT,Cécile,McLorin,SALVANT
Jean Simon Vilbrun Guillaume SAM,Jean,Simon Vilbrun Guillaume,SAM
Tirésias Simon SAM,Tirésias,Simon,SAM
Roman SAMEDI,Roman,,SAMEDI
Achille SAMOZIER,Achille,,SAMOZIER
Jacques SAMPEUR,Jacques,,SAMPEUR
Virginie SAMPEUR,Virginie,,SAMPEUR
Harry SANCHEZ,Harry,,SANCHEZ
Horace Pauléus SANNON,Horace,Pauléus,SANNON
Emmanuel SANON,Emmanuel,,SANON
Christian Emmanuel SANON,Christian,Emmanuel,SANON
Renel SANON,Renel,,SANON
Adrien SANSARICQ,Adrien,,SANSARICQ
Bernard SANSARICQ,Bernard,,SANSARICQ
Daniel SANSARICQ,Daniel,,SANSARICQ
Guy SANSARICQ,Guy,,SANSARICQ
Stéphane SAOUL,Stéphane,,SAOUL
Georges SASSINE,Georges,,SASSINE
Daniel SATURNÉ,Daniel,,SATURNÉ
Launé SATURNÉ,Launé,,SATURNÉ
Samuel Henry SATURNÉ,Samuel,Henry,SATURNÉ
Sanap SAUVAL,Sanap,,SAUVAL
William SAVARY,William,,SAVARY
Ricot SCHUTT-AINÉ,Ricot,,SCHUTT-AINÉ
Jacqueline SCOTT-LEMOINE,Jacqueline,,SCOTT-LEMOINE
Lucien SCOTT,Lucien,,SCOTT
Ricardo SEITENFUS,Ricardo,,SEITENFUS
Belson SÉJOUR,Belson,,SÉJOUR
Bernard SÉJOURNÉ,Bernard,,SÉJOURNÉ
Jérémie SEM,Jérémie,,SEM
Wilson SENEXAN,Wilson,,SENEXAN
Clotaire SÉNATUS,Clotaire,,SÉNATUS
Jean Renel SÉNATUS,Jean,Renel,SÉNATUS
Marie Sony Laura SÉNATUS,Marie,Sony Laura,SÉNATUS
Ruthly SÉNATUS,Ruthly,,SÉNATUS
André SÉRANT,André,,SÉRANT
Yves SÉRANT,Yves,,SÉRANT
Franck SÉRAPHIN,Franck,,SÉRAPHIN
Dodley SÉVÈRE,Dodley,,SÉVÈRE
Ernest SÉVÈRE,Ernest,,SÉVÈRE
Jocelyn SÉVÈRE,Jocelyn,,SÉVÈRE
Maryse SÉVÈRE,Maryse,,SÉVÈRE
Guyteau SÉVÈRE,Guyteau,,SÉVÈRE
Cyrus SIBERT,Cyrus,,SIBERT
Wébert SICOT,Wébert,,SICOT
Pierre François SILDOR,Pierre,François,SILDOR
Joseph SIMOLY,Joseph,,SIMOLY
Antoine SIMON,Antoine,,SIMON
Joseph M. SIMON,Joseph,M.,SIMON
Éveline SINCÈRE,Éveline,,SINCÈRE
Maurice SIXTO,Maurice,,SIXTO
Michel SMARTH,Michel,,SMARTH
William SMARTH,William,,SMARTH
James SOLAGE,James,,SOLAGE
Augustin SOUFFRANT,Augustin,,SOUFFRANT
Claude SOUFFRANT,Claude,,SOUFFRANT
Evens SOUFFRANT,Evens,,SOUFFRANT
Michel SOUKAR,Michel,,SOUKAR
Salim SOUKAR,Salim,,SOUKAR
Faustin SOULOUQUE,Faustin,,SOULOUQUE
Jean-Frantz SOULOUQUE,Jean-Frantz,,SOULOUQUE
Nerva STACO,Nerva,,STACO
Luc STEPHEN,Luc,,STEPHEN
Henry-Robert STERLIN,Henry-Robert,,STERLIN
Pierre SULLY,Pierre,,SULLY
Charles SUMMERS,Charles,,SUMMERS
Daniel SUPPLICE,Daniel,,SUPPLICE
Edmonde SUPPLICE-BEAUZILE,Edmonde,,SUPPLICE-BEAUZILE
Elsie SURÉNA,Elsie,,SURÉNA
Benito SYLVAIN,Benito,,SYLVAIN
Ducange SYLVAIN,Ducange,,SYLVAIN
Franck SYLVAIN,Franck,,SYLVAIN
Georges SYLVAIN,Georges,,SYLVAIN
Madeleine SYLVAIN,Madeleine,,SYLVAIN
André SYLVESTRE,André,,SYLVESTRE
René SYLVESTRE,René,,SYLVESTRE
André TAILLEFER,André,,TAILLEFER
Mona TANCRÈDE,Mona,,TANCRÈDE
Garry TAPION,Garry,,TAPION
Edouard Antonin TARDIEU,Edouard,Antonin,TARDIEU
Jerry TARDIEU,Jerry,,TARDIEU
Edva TASSY,Edva,,TASSY
Eugénio TASSY,Eugénio,,TASSY
Harry TASSY,Harry,,TASSY
Jean TASSY,Jean,,TASSY
Jean TATOUNE,Jean,,TATOUNE
Pierre Martin TATOUTE,Pierre,Martin,TATOUTE
Janine TAVERNIER-LOUIS,Janine,,TAVERNIER-LOUIS
Joseph Jacques TAYLOR,Joseph,Jacques,TAYLOR
Louis Franck TÉLÉMAQUE,Louis,Franck,TÉLÉMAQUE
Séide TÉLÉMAQUE,Séide,,TÉLÉMAQUE
Jean Élie TELFORT,Jean,Élie,TELFORT
Theriel TÉLUS,Theriel,,TÉLUS
Artériel TERMITUS,Artériel,,TERMITUS
Roland THADAL,Roland,,THADAL
Béatrice THÉARD,Béatrice,,THÉARD
Marice Alice THÉARD,Marice,Alice,THÉARD
Michel THÉBAUD,Michel,,THÉBAUD
Éric J. THÉBAUD,Éric,J.,THÉBAUD
Patrick THÉBAUD,Patrick,,THÉBAUD
Wendelle Coq THÉLOT,Wendelle,Coq,THÉLOT
Antoine THÉLUSMA,Antoine,,THÉLUSMA
Auguste THÉNOR,Auguste,,THÉNOR
Jean-Marie THÉODATE,Jean-Marie,,THÉODATE
Paul L. THÉODATE,Paul,L.,THÉODATE
Davilmar THÉODORE,Davilmar,,THÉODORE
Guy Dave THÉODORE,Guy,Dave,THÉODORE
René THÉODORE,René,,THÉODORE
Robert Pradieu THÉODORE,Robert,Pradieu,THÉODORE
Wendell THÉODORE,Wendell,,THÉODORE
William THÉODORE,William,,THÉODORE
Wilson THÉODULE,Wilson,,THÉODULE
Iswick THÉOPHIN,Iswick,,THÉOPHIN
Charles THERMIDOR,Charles,,THERMIDOR
Danielle THERMIDOR,Danielle,,THERMIDOR
Jean-Claude THERVIL,Jean-Claude,,THERVIL
Philippe THÉUS,Philippe,,THÉUS
Joseph THÉVENIN,Joseph,,THÉVENIN
Léandro THÉZARD,Léandro,,THÉZARD
Catherine THOMAS,Catherine,,THOMAS
Edouard THOMAS,Edouard,,THOMAS
Jean THOMAS,Jean,,THOMAS
John Ross THOMAS,John,Ross,THOMAS
Charles THOMASSIN,Charles,,THOMASSIN
Jean TIBURON,Jean,,TIBURON
Walky TIJIN,Walky,,TIJIN
Gabriel TIMOTHÉE,Gabriel,,TIMOTHÉE
Paul TIMOTHÉE,Paul,,TIMOTHÉE
Raymond TIMOTHÉE,Raymond,,TIMOTHÉE
Rony TIMOTHÉE,Rony,,TIMOTHÉE
Félix Boisrond TONNERRE,Félix,Boisrond,TONNERRE
Edwine TONTON,Edwine,,TONTON
Ebert TORCHON,Ebert,,TORCHON
Dany TOUSSAINT,Dany,,TOUSSAINT
Dan Jerry TOUSSAINT,Dan,Jerry,TOUSSAINT
Fedline Séide TOUSSAINT,Fedline,Séide,TOUSSAINT
Georgette TOUSSAINT,Georgette,,TOUSSAINT
Guiteau TOUSSAINT,Guiteau,,TOUSSAINT
Grégory TOUSSAINT,Grégory,,TOUSSAINT
Linda TOUSSAINT,Linda,,TOUSSAINT
Lova TOUSSAINT,Lova,,TOUSSAINT
Marc-Eddy TOUSSAINT,Marc-Eddy,,TOUSSAINT
Renan TOUSSAINT,Renan,,TOUSSAINT
Ronald TOUSSAINT,Ronald,,TOUSSAINT
Jean-Louis TOUT-PUISSANT,Jean-Louis,,TOUT-PUISSANT
Alain TROCHER,Alain,,TROCHER
Ernest TROUILLOT,Ernest,,TROUILLOT
Ertha Pascal TROUILLOT,Ertha,Pascal,TROUILLOT
Evelyne TROUILLOT,Evelyne,,TROUILLOT
Hénock TROUILLOT,Hénock,,TROUILLOT
Jocelyne TROUILLOT,Jocelyne,,TROUILLOT
Joe TROUILLOT,Joe,,TROUILLOT
Lyonel Antoine TROUILLOT,Lyonel,Antoine,TROUILLOT
Mirlande TROUILLOT-ARISTIDE,Mirlande,,TROUILLOT-ARISTIDE
David TROY,David,,TROY
Eliandre TUNICE,Eliandre,,TUNICE
Hubert TURENNE,Hubert,,TURENNE
Romain TURGEAU,Romain,,TURGEAU
Alain TURNIER,Alain,,TURNIER
Charles TURNIER,Charles,,TURNIER
François TURNIER,François,,TURNIER
Harold TURNIER,Harold,,TURNIER
Jean-Claude TURNIER,Jean-Claude,,TURNIER
Luc TURNIER,Luc,,TURNIER
Willem TURNIER,Willem,,TURNIER
Franck ULYSSE,Franck,,ULYSSE
Richard URBAIN,Richard,,URBAIN
Michel VALBRUN,Michel,,VALBRUN
Lionel VALBRUN,Lionel,,VALBRUN
Monsieur VALCIN II,Monsieur,VALCIN,II
Bernard VALCIN,Bernard,,VALCIN
Dumarsais VALCIN,Dumarsais,,VALCIN
Georges VALCIN,Georges,,VALCIN
Virgile VALCIN,Virgile,,VALCIN
Jean Auguste VALCOURT,Jean,Auguste,VALCOURT
Calixte VALENTIN,Calixte,,VALENTIN
Jean Ismael VALESTIN,Jean,Ismael,VALESTIN
Daly VALET,Daly,,VALET
Max VALLÈS,Max,,VALLÈS
Vincent VALLIÈRES,Vincent,,VALLIÈRES
Jean VALMÉ,Jean,,VALMÉ
Lens VALMÉ,Lens,,VALMÉ
Jean VANDAL,Jean,,VANDAL
Franck Stevenson VANÉUS,Franck,Stevenson,VANÉUS
André VARRAUD,André,,VARRAUD
Jean-Louis VASTEY,Jean-Louis,,VASTEY
Jean Valentin VASTEY,Jean,Valentin,VASTEY
Pompée VALENTIN - Baron de VASTEY,Pompée,VALENTIN - Baron de,VASTEY
Pierre Fritz-Gérald VATEY,Pierre,Fritz-Gérald,VATEY
Duraciné VAVAL,Duraciné,,VAVAL
Fritz VAVAL,Fritz,,VAVAL
Jean-Claude VAVAL,Jean-Claude,,VAVAL
Roseline VAVAL,Roseline,,VAVAL
Yolaine VAVAL,Yolaine,,VAVAL
Emmanuel W. VEDRINE,Emmanuel,W.,VEDRINE
Hubert VEDRINE,Hubert,,VEDRINE
Claude VEILLARD,Claude,,VEILLARD
Richard VEILLARD,Richard,,VEILLARD
Frantz VERELLA,Frantz,,VERELLA
Georges VERELLA,Georges,,VERELLA
Frantz VERETTE,Frantz,,VERETTE
Antonio VÉRIQUIN,Antonio,,VÉRIQUIN
André VERNET,André,,VERNET
Pierre VERNET,Pierre,,VERNET
Frantz Gérard VERRET,Frantz,Gérard,VERRET
Jean Alix VERRIER,Jean,Alix,VERRIER
Marie Michèle VERRIER,Marie,Michèle,VERRIER
Ronald VERRIER,Ronald,,VERRIER
Willy VERRIER,Willy,,VERRIER
Michaelle VERTEUIL,Michaelle,,VERTEUIL
Andalas VERTILUS,Andalas,,VERTILUS
Nelson VERTILUS,Nelson,,VERTILUS
Dany VIALET,Dany,,VIALET
Justin VIARD,Justin,,VIARD
Léonce VIAU,Léonce,,VIAU
Mario VIAU,Mario,,VIAU
Nancy VIAU,Nancy,,VIAU
Éternel VICTOR,Éternel,,VICTOR
Gary VICTOR,Gary,,VICTOR
Jean André VICTOR,Jean,André,VICTOR
Paul Joseph VICTOR,Paul,Joseph,VICTOR
Profane VICTOR,Profane,,VICTOR
René VICTOR,René,,VICTOR
Antonio VIEUX,Antonio,,VIEUX
Didier VIEUX,Didier,,VIEUX
Max VIEUX,Max,,VIEUX
Paul VIEUX,Paul,,VIEUX
Damoclès VIEUX,Damoclès,,VIEUX
Michel VIEUX,Michel,,VIEUX
Marie VIEUX-CHAUVET,Marie,,VIEUX-CHAUVET
Etzer VILAIRE,Etzer,,VILAIRE
Jean Joseph VILAIRE,Jean,Joseph,VILAIRE
Patrick VILAIRE,Patrick,,VILAIRE
Lyonel VILFORT,Lyonel,,VILFORT
Lélio VILGRAIN,Lélio,,VILGRAIN
Alix VILLARD,Alix,,VILLARD
Jean VILLARD,Jean,,VILLARD
Linda VILLARD,Linda,,VILLARD
François VILATTE,François,,VILATTE
Roger VILLEDROUIN,Roger,,VILLEDROUIN
Stéphanie VILLEDROUIN,Stéphanie,,VILLEDROUIN
Marjorie VILLEFRANCHE,Marjorie,,VILLEFRANCHE
Jean-Marie VINCENT,Jean-Marie,,VINCENT
Jean Samuel VINCENT,Jean,Samuel,VINCENT
Joseph VINCENT,Joseph,,VINCENT
Philippe VINCENT,Philippe,,VINCENT
René VINCENT,René,,VINCENT
Rockfeller VINCENT,Rockfeller,,VINCENT
Sténio VINCENT,Sténio,,VINCENT
Yolande VITAL,Yolande,,VITAL
Lemane VITAL-HERNE,Lemane,,VITAL-HERNE
Claude VIXAMAR,Claude,,VIXAMAR
Jean VIXAMAR,Jean,,VIXAMAR
Jean-Baptiste Legrand VIXAMAR,Jean-Baptiste,Legrand,VIXAMAR
John VOIGHT,John,,VOIGHT
Assad VOLCY,Assad,,VOLCY
Marc Harry VOLCY,Marc,Harry,VOLCY
Marc Yves VOLCY,Marc,Yves,VOLCY
Chantal VOLCY-CÉANT,Chantal,,VOLCY-CÉANT
Émile VOLEL,Émile,,VOLEL
Yves VOLEL,Yves,,VOLEL
Francois VOLMA,Francois,,VOLMA
Frantz VOLTAIRE-ANGLADE,Frantz,,VOLTAIRE-ANGLADE
Harry VOLTAIRE,Harry,,VOLTAIRE
Lesly VOLTAIRE,Lesly,,VOLTAIRE
Albert Edouard Dimitri VORBE,Albert,Edouard Dimitri,VORBE
Charles VORBE,Charles,,VORBE
Jean-Marie VORBE,Jean-Marie,,VORBE
Pacha VORBE,Pacha,,VORBE
Patrick VORBE,Patrick,,VORBE
Philippe VORBE,Philippe,,VORBE
Réginald Marc Jean VORBE,Réginald,Marc Jean,VORBE
Pierre-Richard WAWA,Pierre-Richard,,WAWA
Mérès WÈCHE,Mérès,,WÈCHE
Roosevelt WÈCHE,Roosevelt,,WÈCHE
Mushi WIDMAIER,Mushi,,WIDMAIER
Goudou WOOD,Goudou,,WOOD
Eddy WOOLEY,Eddy,,WOOLEY
Sorel YACINTHE,Sorel,,YACINTHE
Jean-Baptiste YAYOU,Jean-Baptiste,,YAYOU
Joseph YVENERT,Joseph,,YVENERT
Charles ZAMOR,Charles,,ZAMOR
Kébreau ZAMOR,Kébreau,,ZAMOR
Oreste ZAMOR,Oreste,,ZAMOR
Carline ZAMY,Carline,,ZAMY
Mital ZAMY,Mital,,ZAMY
Edwin ZENNY,Edwin,,ZENNY
Joseph ZENNY,Joseph,,ZENNY
Amos ZÉPHIRIN,Amos,,ZÉPHIRIN
Adrien ZÉPHIRIN,Adrien,,ZÉPHIRIN
Ardouin ZÉPHIRIN,Ardouin,,ZÉPHIRIN
Marco ZÉPHIRIN,Marco,,ZÉPHIRIN
Marc-Aurèle ZIDO,Marc-Aurèle,,ZIDO
